these 2949 derivations will be built:
  /nix/store/lvgif9qsggdgayfdir9fkhazxlrp9gn9-python3.13-mypy-1.19.1.drv
  /nix/store/23pzgf0z4xmfzl8kg23bhgmn1j09nb15-python3.13-charset-normalizer-3.4.4.drv
  /nix/store/3fxk6hw59klp0dsmhd58jw9s51q9ng74-python3.13-requests-2.32.5.drv
  /nix/store/9zj3jbq10hwnk9pl30kwp15m8grgii11-python3.13-sphinx-9.1.0.drv
  /nix/store/l4l8nsv26sq9iz0sclwqrrdhr0rn9chw-libtiff-4.7.1.drv
  /nix/store/440gri5pxdvvf26bwkyg8iqsxcq7dh56-fontforge-20251009.drv
  /nix/store/xzw56sl701j5dxkqfpssbnghw1r5kaxg-dejavu-fonts-full-2.37.drv
  /nix/store/x1a0vxjz66mv0dlikhbz5s9iz9vy1mh3-dejavu-fonts-minimal-2.37.drv
  /nix/store/m4big10kz1sz3gn798823ijvcj6cpl97-fontconfig-2.17.1.drv
  /nix/store/g6fnd6yadiypc9ikyqwfwfbb9xa0fi6i-libwebp-1.6.0.drv
  /nix/store/k23fd6cyl2fl7y3lhhvrxqrvbsvh6m4b-cairo-1.18.4.drv
  /nix/store/0hvmwm1r9kh7cbbpfd21932zdhb2qk6b-absolute_gir_path.patch.drv
  /nix/store/9sdalq9wfp1klgjcnfdf23gdmgzd8hvi-gobject-introspection-1.86.0.drv
  /nix/store/ksjhfkdl1ra2gwbqj3nqgpr6ng8b3ywn-gobject-introspection-wrapped-1.86.0.drv
  /nix/store/jffc9lqnl5afc4rdks47bjbjm9hy3w13-gdk-pixbuf-2.44.5.drv
  /nix/store/diq7r7pkl3a97spsq6qjd5c5sykyhbv2-libavif-1.3.0.drv
  /nix/store/pbd3b23vligdjkd31nvwgmy4b495rlqy-gd-2.3.3.drv
  /nix/store/20xl79xlx5z0rgi04va34nxwgy415csc-fonts.conf.drv
  /nix/store/m3b2srp6fy74whr3pfvkq6vxj1746ijr-libxft-2.3.9.drv
  /nix/store/nzqdm70zyjjzvjdvq3jz5524b9v142qn-harfbuzz-12.3.0.drv
  /nix/store/sj1wi9aqasldsxznfh8qj24j9h4hlas2-pango-1.57.0.drv
  /nix/store/0cd99nh337pz6x6c0cykirc3ypl59ij5-graphviz-12.2.1.drv
  /nix/store/xsy6zlpakbaimjnkjzi1hqszb1v3kypg-mscgen-0.20.drv
  /nix/store/xp87n8qyfbpay7s6jjb93x7ml9gzgd0a-libnl-3.12.0.drv
  /nix/store/3hg5m3kxpk24w7m537i1shpqd5mk3lv2-libpcap-1.10.6.drv
  /nix/store/n39f5x6bv4bsxaz853wj6qhabgrnyizc-iptables-1.8.11.drv
  /nix/store/9xryyb90dfhvcmxf28knrjpfsb4nv8x4-nftables-1.1.6.drv
  /nix/store/2sqqhn2047gp1mdr5bz8wjvd4k61i1ig-nftables-deletions.drv
  /nix/store/000540jiw0x2a7b4fni9sdk38dkwka67-nftables-save-deletions.drv
  /nix/store/mdnc18fbn7sfa3b28xnvx3w9mmddixgx-ghc-binary-9.8.4.drv
  /nix/store/8mwpl7djz8smkdyr0zqrzpxyzfmgz1za-hscolour-1.25.drv
  /nix/store/1x84ah9lygblp4z3fr43xg88bpjclfap-happy-lib-2.1.7.drv
  /nix/store/1p9p1srbm1wwfaf6vyilshgxka3rmwxg-happy-2.1.7.drv
  /nix/store/5hfspghm05b258q6953vmaa5ahjpzqpj-alex-3.5.4.0.drv
  /nix/store/a3sn35i7mcsr8g7r3yaqj8qg1bw4d868-ghc-settings-edit-0.1.0.drv
  /nix/store/a8kxvmh5484v4sci8h7m7dvg128l60dz-libedit-20251016-3.1.drv
  /nix/store/3whd4k6wcxv77qxv4gm9nknvdrpv3f4m-krb5-1.22.1.drv
  /nix/store/hy1r2c4fmjhh43mk20489k9njycr5svs-readline-8.3p3.drv
  /nix/store/z6b265p5pq5405yxkzy7gwj4inbz4kir-python3-3.13.12.drv
  /nix/store/4rnx8z8np4x5civmw1z2nm36czx8k2cy-python-catch-conflicts-hook.drv
  /nix/store/g1dwa5qdy4fd2imh12jdbvw32n5l9ynf-python-imports-check-hook.sh.drv
  /nix/store/cbyh746g1ymygkxyrl6bf86z2i94rcg7-python3.13-bootstrap-flit-core-3.12.0.drv
  /nix/store/i1sblc9dy0zm26zcyy3mrcifb55kyfqy-python3.13-bootstrap-installer-0.7.0.drv
  /nix/store/gggz8mjqmjjpln5dkm2ndyqqbhqib83z-python3.13-bootstrap-packaging-25.0.drv
  /nix/store/27chdd0id9759szaq9df4g5rn7r8qfc9-python-runtime-deps-check-hook.sh.drv
  /nix/store/gw7q4vmh0b3xk11hvfg96j6rxz6d3iza-pypa-install-hook.drv
  /nix/store/7haassi64pajj74f9wi17f7bgw864z60-python3.13-bootstrap-pyproject-hooks-1.2.0.drv
  /nix/store/8bx9n8lrm1a0j8xn9j05cjib6d7v72wn-python3.13-bootstrap-tomli-2.4.0.drv
  /nix/store/w3sbxsaw9ffg542rdsmrhqp130ifwy6h-python3.13-bootstrap-packaging-25.0.drv
  /nix/store/x8x73gizh4dqdpigvq4p8sv0vnf0a9ml-python3.13-bootstrap-build-1.4.0.drv
  /nix/store/vbix9hp50512kh0nfw7ppa1pk24jdp49-pypa-build-hook.sh.drv
  /nix/store/yr9wkwpgl5246phnqr1q7k892vks95d8-wrap-python-hook.drv
  /nix/store/hscrkvjxfgd4qswgad0h0x2akkrn623f-python3.13-flit-core-3.12.0.drv
  /nix/store/48xikr6l542q2xhqwqnz952kd33xliln-python3.13-installer-0.7.0.drv
  /nix/store/wyxnika8gsakygn80n1bm8mwzg7wzk0p-pypa-install-hook.drv
  /nix/store/fx1sckvlh6ifxdxg1gd6wh4wfa5gj3pw-python3.13-wheel-0.46.1.drv
  /nix/store/qkmc727n875bpprsb2dw6h0l4ryp2kng-python3.13-packaging-25.0.drv
  /nix/store/8ppvrspa6iiv343ha5mxmb6la72n4p5r-python-runtime-deps-check-hook.sh.drv
  /nix/store/167b6pv80qh21w4jcdar67wal3c7yfi1-python3.13-pyproject-hooks-1.2.0.drv
  /nix/store/4z1nvmbycp4inj4pc9ggsy5izqlv5d59-python-relax-deps-hook.drv
  /nix/store/lmnx7avsh085pj70iwaj0akrqrg5cr0y-python3.13-build-1.4.0.drv
  /nix/store/rlfzl9ga9ggn6sinc8f7nfgwyxkzv1ip-pypa-build-hook.sh.drv
  /nix/store/vy8cy6dlk52p70zbsjhdshfz09w1lfqy-python3.13-setuptools-80.10.1.drv
  /nix/store/06vgs0ha1r7q9hds0264s8kiz0inff0k-setuptools-build-hook.drv
  /nix/store/58y2s5bx8vkadjcn8zipx9862rckgnpz-python3.13-typing-extensions-4.15.0.drv
  /nix/store/c6kdc42xc4p3k1y1y30dxv00b737205d-python3.13-setuptools-scm-9.2.2.drv
  /nix/store/brawbvfl6xfy8n9h9gpdxii8yy1hmkg2-python3.13-pluggy-1.6.0.drv
  /nix/store/5mi35igdlqh29m5h7rscrlbf1qgbimcg-unittest-check-hook.drv
  /nix/store/bxmg7j6yqchsas771mawanc0laazm6z0-python3.13-pathspec-0.12.1.drv
  /nix/store/fzyz33npmq88z840wm6frzc83gjhp1p3-python3.13-calver-2025.10.20.drv
  /nix/store/f4n52jl3q7d0gvm8aqwxnkip6y8phjbb-python3.13-trove-classifiers-2026.1.14.14.drv
  /nix/store/wvz36j1fka08xnn648iz31aapxj91zi2-python3.13-editables-0.5.drv
  /nix/store/khi245bkbaylzl3f9vrxjf8xysch98ql-python3.13-hatchling-1.28.0.drv
  /nix/store/myxib9i6alyrvhs8kdw1gwhnngcliy8z-python3.13-pygments-2.19.2.drv
  /nix/store/zk5ki2kvx5dlcf7skviscplq1024msb9-python3.13-iniconfig-2.3.0.drv
  /nix/store/r206mfqb3fw6w7asr32805pwf02a4630-python3.13-pytest-9.0.2.drv
  /nix/store/9hagwhwldqx13rlkklph8yc42z73hmib-pytest-check-hook.drv
  /nix/store/mgp0pisxjvqqdmm5hhv7479nlpjf9zk2-python3.13-pytest-asyncio-1.3.0.drv
  /nix/store/xd74g0j4dc4jcd71dscf2nam37r1hf1v-python3.13-pytest-mock-3.15.1.drv
  /nix/store/1wns0pcmgfxkh4qd0daaqqbfgdspjfpb-asciidoc-10.2.1.drv
  /nix/store/xnm6shx8kns6d5shv0ldix1j2xxqisy1-re2c-4.4.drv
  /nix/store/s9aliyf2m11zasrmk5016cc8ggx3z3mm-ninja-1.13.2.drv
  /nix/store/kw0kb7p2514hlqbzlc15sw7g41slld5h-meson-1.10.1.drv
  /nix/store/6539f3s2564x2il9fg900rzhpyv708ql-python3.13-cython-3.2.4.drv
  /nix/store/vi3qr40jjcxhp35rd5qawmqkhv6cyjz4-python3.13-lxml-6.0.2.drv
  /nix/store/yaraad6dm7d63h389r5ip3399jinzqad-gtk-doc-1.35.1.drv
  /nix/store/52j92zrnj073w344dkz8283znywvay71-libpsl-0.21.5.drv
  /nix/store/vhjfnbqnqi8m516733vcaiz0d8c3xxgx-curl-8.18.0.drv
  /nix/store/vi6fly7zp7gw9lqjl1xcqcs9bd66sccf-cmake-4.1.2.drv
  /nix/store/9ws7gczw8c244ph0z83p2q8dhrpmrl47-nghttp3-1.14.0.drv
  /nix/store/yx3kfaa2na8qh96q3cfrg59lpnmmrbga-brotli-1.2.0.drv
  /nix/store/majjqfmpjij470ca1frs3xlsqwg9pj3r-ngtcp2-1.19.0.drv
  /nix/store/svvdynx4yiavzh58hlfm7ky2c8r26yk8-curl-8.18.0.drv
  /nix/store/k1q8glhvyd6waza5w65yhpbjxhrvgwqm-p11-kit-0.26.1.drv
  /nix/store/y9g11s3f2amb9mnvwybz5x741qi467yr-gnutls-3.8.12.drv
  /nix/store/fcsfwvzyg2pilr4kbf4jymbrbsm812m6-libmicrohttpd-1.0.2.drv
  /nix/store/l2aj7va0hkb9hmvdn88pkyccmlpyv5ki-json-c-0.18.drv
  /nix/store/aszjrqvy4g5d6bf5hgcq8zkhx6960bmw-elfutils-0.194.drv
  /nix/store/cn53nc756b13kdxxing8g3m87w80j04g-bash-interactive-5.3p9.drv
  /nix/store/pdhaqg72llmzfmmjjnb0y3h4zr85kxmj-python3.13-six-1.17.0.drv
  /nix/store/p1c2f6zqqzf9qlc4y1pq942anf7cvpby-python3.13-python-dateutil-2.9.0.post0.drv
  /nix/store/indbmdbhjsj16qjjk0x81y5m4d7sr5kd-python3.13-freezegun-1.5.5.drv
  /nix/store/vs9asfcvy96zfyb41m976bbphi3k81zw-python3.13-pytz-2025.2.drv
  /nix/store/207hh96z9cv89dc4fj836scdnbgajfdi-python3.13-babel-2.17.0.drv
  /nix/store/xp8739387sli5rfy65spd8fx6vd1isr4-python3.13-pystemmer-3.0.0.drv
  /nix/store/74p9ai2w1ba61pc61cp55fn06i35fjfv-python3.13-snowballstemmer-3.0.1.drv
  /nix/store/7gdfz0j9allj5qhkgswjigh40hadyvpi-python3.13-sphinxcontrib-htmlhelp-2.1.0.drv
  /nix/store/8wiaihcb9arkxghx1pi8yihb9c84ddii-python3.13-roman-numerals-4.1.0.drv
  /nix/store/b6q681n3f6pkv55hlbjgb63iv727jfjv-python3.13-sphinxcontrib-serializinghtml-2.0.0.drv
  /nix/store/522cl48i3xmda7i962nqkznzwz824a9v-python3.13-markupsafe-3.0.3.drv
  /nix/store/mb77ydmjmkrkk0n14bqj11mxyjy5xg4d-python3.13-jinja2-3.1.6.drv
  /nix/store/aisrcc05yir0mky9nvlhzk8n1zgaspwb-python3.13-sphinxcontrib-websupport-2.0.0.drv
  /nix/store/g4syb4jw4n3r5s4a0lqanxl1b6iaf87w-python3.13-sphinxcontrib-jsmath-1.0.1.drv
  /nix/store/xafajp9bkyn1zw2lfxdr2bzb88kr8z29-gtest-1.17.0.drv
  /nix/store/zwi5p777nnaajvrn2lsjgab9zfr5y4wx-zlib-ng-2.3.3.drv
  /nix/store/6z3nin2drgasvrz2vwdmj67wdpzmg6xj-git-minimal-2.53.0.drv
  /nix/store/sb9djsh8wcjqbgwh4gld3skc7d5b5c6l-python3.13-hatch-vcs-0.5.0.drv
  /nix/store/9qqhnlkqwy5sn64nrz3gvk11g729bbyg-python3.13-ptyprocess-0.7.0.drv
  /nix/store/z42sd30ach911339a4cngs62b6f9rdyl-python3.13-pexpect-4.9.0.drv
  /nix/store/y34wjwfzsmqwj7vh0z7p0x5dnb4gfp8x-python3.13-pytest-timeout-2.4.0.drv
  /nix/store/20w80szliqhls5rw1f888czpj5s4f5s6-python3.13-filelock-3.20.3.drv
  /nix/store/199z319z1mxqygc4fj4xikq6znzi04qa-python3.13-zope-event-6.1.drv
  /nix/store/0pl3m1dxg2cz97rrya5mxhyal1fxsgna-python3.13-pycparser-3.00.drv
  /nix/store/8nwbiizcs1s71wr5daahl89rj3g1mmhm-python3.13-cffi-2.0.0.drv
  /nix/store/9qlmarw1hvasm2j2957yd6c09qh4fiva-python3.13-toml-0.10.2.drv
  /nix/store/kch1xsb1jm499wr5p2lhglx38y23m07j-python3.13-zipp-3.23.1.drv
  /nix/store/k81l4dsxaf72p9m9h06gh25x6sz9r2sf-python3.13-importlib-metadata-8.7.1.drv
  /nix/store/qdsj55j469j11j1d9jhcw1ab3jagpqfg-python3.13-greenlet-3.3.0.drv
  /nix/store/vny3m7x807ghs1m38v0vdy2vknyd9vsv-c-ares-1.34.6.drv
  /nix/store/yrkvxh52j3p1ahyvwx898wykxl8hxnvm-python3.13-zope-interface-8.2.drv
  /nix/store/8x7w7364vqkjdqk206ijqaypd8jv2fv3-python3.13-gevent-25.9.1.drv
  /nix/store/fzcmbhbd32myxhj102b8516phj2kp6zz-python3.13-execnet-2.1.2.drv
  /nix/store/i1rnydckqi1v1fq89hmh4ps7w96swl4x-python3.13-pytest-xdist-3.8.0.drv
  /nix/store/i4i4dpbpcyyhybaz0ca8srsa6586zfq2-python3.13-sphinxcontrib-qthelp-2.0.0.drv
  /nix/store/m6551r3rarlzhv3vc8plviwfq4whmk91-python3.13-imagesize-1.4.1.drv
  /nix/store/p5d26nranh6ar0aym2fmfm0y9phlaxw7-python3.13-docutils-0.22.4.drv
  /nix/store/3cir4bamhi0l5bkb99w1a6fs77n2a51h-python3.13-urllib3-2.6.3.drv
  /nix/store/089q3ckni2vsz6rbaq2fbqp3jv8x58ma-python3.13-mypy-extensions-1.1.0.drv
  /nix/store/a3pv5pm8dvfs4958y6hanrxf1s10qz54-python3.13-types-psutil-7.2.1.20260116.drv
  /nix/store/h7x3kjasn0vmyrscbdfqgp03cjnng9hx-python3.13-tomli-2.4.0.drv
  /nix/store/i1jgndbc6q0x8y5kd3bbkfarp5mqzj5h-python3.13-types-setuptools-80.9.0.20251223.drv
  /nix/store/z0nvwa04pm7dglf4k57gh1ggn89pxkrh-python3.13-pytest-instafail-0.5.0.drv
  /nix/store/jjdx9q0s360pp2c60n32zlnlqglrfg3f-python3.13-psutil-7.2.1.drv
  /nix/store/mqgfqfd01b11bcddvk5fgl52sbbzvv7v-python3.13-librt-0.7.8.drv
  /nix/store/xd67srm2ka8kfip3zmc4df223w3d2scs-python3.13-attrs-25.4.0.drv
  /nix/store/a1lk4qzw9kwhrxch07nhz5b3gcsr1djd-python3.13-mypy-1.19.1.drv
  /nix/store/c1ar2v3b04qag1k8iwzff9nyfc5mvm1k-python3.13-charset-normalizer-3.4.4.drv
  /nix/store/ac6mhyr0lx61xpjpd5cd1f1h9705ccij-python3.13-buildcatrust-0.4.0.drv
  /nix/store/kqg3n3q4bjsx8qpb09a7r097cc2bhmcd-nss-cacert-3.119.1.drv
  /nix/store/cvdz1bh9xwidpfl7x6dhfvjcc8asbv86-python3.13-certifi-2026.01.04.drv
  /nix/store/xq7f2b4hsjivgz25zxd5llzazzibqlhi-python3.13-pysocks-1.7.1.drv
  /nix/store/zl50fr2c0l36xpzkwilyhqs6l6kgrf7a-python3.13-idna-3.11.drv
  /nix/store/q76vxasibapyij4db758q4v97r6llg5l-python3.13-requests-2.32.5.drv
  /nix/store/s4z89mrfd73pxzsx3vwx243jm2vg5ggx-python3.13-sphinxcontrib-applehelp-2.0.0.drv
  /nix/store/wjingxd5sb8gkf4nppgb9gay9g1xz5qq-python3.13-alabaster-1.0.0.drv
  /nix/store/x9y9ywa8h62gr1midgwarjj1czmjw3ij-python3.13-sphinxcontrib-devhelp-2.0.0.drv
  /nix/store/xqyqrbvjjhy92v9lb7b176im274j8ss6-python3.13-defusedxml-0.8.0rc2.drv
  /nix/store/l8xx55yi5a1hr690qb5dshvpcxpmi6nv-python3.13-sphinx-9.1.0.drv
  /nix/store/m0w8wbc0v5mb9gsxnj6fzw47zlhjpkrq-hscolour-1.25.drv
  /nix/store/mmvr2sgp3vnynwjgn2jx7y56a9dxkjpa-ghc-platform-9.10.3.drv
  /nix/store/11gx3pliax3pw7r6ja1ca6kd11d4n00q-ghc-toolchain-9.10.3.drv
  /nix/store/i68hg6a4gw1zcj25kxjz707sw8zrw0li-cryptohash-sha256-0.11.102.1.drv
  /nix/store/kmrz65m322rx17avdpq51765892x84mc-base16-bytestring-1.0.2.0.drv
  /nix/store/530zyxj9qkpwfp82albkijghrql06njd-heaps-0.4.1.drv
  /nix/store/cs88fm797zjlqlfq9shg78xbfzxs1kcq-splitmix-0.1.3.2.drv
  /nix/store/63rp6yh3qvyvbwz30m541xp6spzvc1kp-random-1.2.1.3.drv
  /nix/store/8h50l7nbz2s0dwss6n0l0s7ixivz7y80-os-string-2.0.10.drv
  /nix/store/6mgpfr5pnz2196dm82a6zs48433c0pgx-hashable-1.5.1.0.drv
  /nix/store/ay11swbzxalxa7gd652gnrxpznq16k77-primitive-0.9.1.0.drv
  /nix/store/75w6msjv99kpd3vpcyfxxnax18cxnax3-clock-0.8.4.drv
  /nix/store/xwp9ixvxsdswr13m1jrsd1ah5jgb675r-extra-1.8.1.drv
  /nix/store/cim0niawxdcy3vl65zgzhc45q1xq9qla-filepattern-0.1.3.drv
  /nix/store/dml58r70r7dz22pqqkr3bh7siz05yr0k-js-flot-0.8.3.drv
  /nix/store/hcgcbbcdihxdgq9w5i0ficyw1izi0yrf-js-jquery-3.7.1.drv
  /nix/store/mzvz4dzl86ar154r3cygjg9myzdccjgw-utf8-string-1.0.2.drv
  /nix/store/qa9hhl8i7mzx0q5r14kzg2ff6yi9j8lz-js-dgtable-0.5.2.drv
  /nix/store/zk96jh9swqfblpw20h4whlzasgy7ydaq-unordered-containers-0.2.20.1.drv
  /nix/store/vv8w6b5jm5qcf3riw3srbrscz0n70j5z-shake-0.19.9.drv
  /nix/store/r5zppci6wcpynql44hpa4mc0f6yc4md0-hadrian-9.10.3.drv
  /nix/store/wn1v3xfkafzq6raq35ryv42hp17a9h3s-ghc-9.10.3.drv
  /nix/store/vngi6vsqrg4zs9ps21xspbqr9ax0ajrv-hscolour-1.25.drv
  /nix/store/006yzm0i5vrck02fddg4cigxyl19gfa5-simple-reflect-0.3.3.drv
  /nix/store/a5nqaxrhbcnqs4l9h855njr3njgn4pj9-microlens-0.4.14.0.drv
  /nix/store/ll6wsmyy3fmhrdydpgmr6lk8qynbghrg-transformers-compat-0.7.2.drv
  /nix/store/00n78l6fdgcwmhkfh4a5av3b266bsfcy-microlens-mtl-0.2.1.0.drv
  /nix/store/fdw17ws14pb4kid01a7qfiw44arwmzy2-ghc-9.10.3.drv
  /nix/store/2if77fjsl37659wax4nsp4rynhvn7m4r-hscolour-1.25.drv
  /nix/store/dlfi53q8bliirl7qg7slyj5scfviklkz-nanospec-0.2.2.drv
  /nix/store/0plwnmbpssg61lvmm6lsy0ldrljdkym6-call-stack-0.4.0.drv
  /nix/store/wz8i3fw44jjcf5bclrsx953p2zfmd09p-HUnit-1.6.2.0.drv
  /nix/store/5bs8p9l3bw79lk6pc2gzrrnnq4ycwv4v-utf8-string-1.0.2.drv
  /nix/store/k7639m1rw81kbafrsxk6sk7mbkn2slay-regex-base-0.94.0.3.drv
  /nix/store/56xqf8n3ivdzz35yx50w85iggf27a7s8-regex-posix-0.96.0.2.drv
  /nix/store/mrxhshrcbnxyxhbfpiv44krwlw00pvcl-xml-1.3.14.drv
  /nix/store/pzvfj14xiiyahgi8dr9gghvmshvqxg67-hostname-1.0.drv
  /nix/store/20n6d0q9hcd87k1bf2gmwbqpi0ixaa52-splitmix-0.1.3.2.drv
  /nix/store/q1qmisfmfp4n7m0y2jh5rz91z2p4xzzw-random-1.2.1.3.drv
  /nix/store/h03m9l622m1nr8x3lb3j3k12xqfgi73c-colour-2.3.6.drv
  /nix/store/ckfx1rs01h4cxhbmyk8im2k9b50lhm5r-ansi-terminal-types-1.1.3.drv
  /nix/store/w3l87r7hgqhw2bbvghnb4y7bmzwdz6xh-ansi-terminal-1.1.5.drv
  /nix/store/xdzcq0fw0rz6cdwps1ykw39b845c15nl-prettyprinter-1.7.1.drv
  /nix/store/8861wdbsjchrs4n0d5dk1q5p85gyil8z-prettyprinter-ansi-terminal-1.1.3.drv
  /nix/store/xxpnzialhkinn77blwvgkadxckyql8bb-prettyprinter-compat-ansi-wl-pprint-1.0.2.drv
  /nix/store/wiakp7qan6jfpzx4xbgbmb68drnsvpi9-ansi-wl-pprint-1.0.2.drv
  /nix/store/h0hzy7p6dw70f26vdz2a370fqvbmy5r8-test-framework-0.8.2.3.drv
  /nix/store/3j4yara0ilpsdn31im8s05mxxv18ygwn-test-framework-hunit-0.3.0.3.drv
  /nix/store/7iz5rnawbgbagrqksf19fbq2r55kls1q-primitive-0.9.1.0.drv
  /nix/store/fpybzhilnlmjcbmsxldzg0h54vac2nks-QuickCheck-2.15.0.1.drv
  /nix/store/gwxg2mb7dpmbqj318zf5dgwbndxs3npp-transformers-compat-0.7.2.drv
  /nix/store/gmvfzh9imf19ay5pdg0xfzi9006lvkvd-optparse-applicative-0.18.1.0.drv
  /nix/store/lhylnwmnapj9rkbc5lk15cll5fj4f4cw-tagged-0.8.9.drv
  /nix/store/szlg0r38ja3syjgfhwda4kcgfhd0kms9-tasty-1.5.3.drv
  /nix/store/azcgv5q7xkl22hfzypyac3bmrpq7xjcs-tasty-hunit-0.10.2.drv
  /nix/store/pmvp81bjq3819d1svyic4b11hf1xjj2l-tasty-quickcheck-0.11.1.drv
  /nix/store/dy1gh2gmm95643mk1icbramjrav7fjq2-hashable-1.5.1.0.drv
  /nix/store/62c05v4ncbvvagv7k2lva55a0wlxahmj-case-insensitive-1.2.1.0.drv
  /nix/store/zinignacqybm0jbb7bnizwqwapp9wjml-test-framework-quickcheck2-0.3.0.7.drv
  /nix/store/d1rfsdihxxa2qchgjiwbrgi1nj8p5gl8-Diff-1.0.2.drv
  /nix/store/fq6dapgs4vpsawv0pxpwsf1gm43vgk4x-base64-bytestring-1.2.1.0.drv
  /nix/store/npxj2fj5f23r9rp27jxllxzzp8ynf7x8-syb-0.7.2.4.drv
  /nix/store/b00ikd2a4vwy42zx78ag59lpsxg0rccp-ChasingBottoms-1.3.1.17.drv
  /nix/store/1wza4dhhkb2qxqdk5wba3fq9hdn1h2qv-hspec-expectations-0.8.4.drv
  /nix/store/4yrw1sjvm5ib775ivzwkhin1a4gk6msh-logging-facade-0.3.1.drv
  /nix/store/gn6jvj6mbj8x5svi12fgj5f5fpp6p04r-base-compat-0.14.1.drv
  /nix/store/npazyf1znvdwlrh7f5pam6iiyy4ah3ij-temporary-1.3.drv
  /nix/store/f8aykwd3q9ssr1y2svxhm00cw22bg9gc-mockery-0.3.5.drv
  /nix/store/5sm63112cfyd75kmh0j0ar3mcyhdcsiq-quickcheck-io-0.2.0.drv
  /nix/store/hg4a8jy54ss5l1c4rablz1svvrzyc5nk-haskell-lexer-1.2.1.drv
  /nix/store/xkn46q7igwz3snrwd5d38vjpdsw3zdf1-hspec-meta-2.11.16.drv
  /nix/store/k3kvqqkm6d4rpj5s1jbcdwdja6082yg7-hspec-discover-2.11.16.drv
  /nix/store/sikvmspr30algj1784wj7l7pn015nbvm-hspec-core-2.11.16.drv
  /nix/store/0rfh4in5cxsl33jy7z8qs74wmffxj6km-hspec-2.11.16.drv
  /nix/store/0yzsi8yshq7cvbayjljs7ppg6339y7p1-base-orphans-0.9.4.drv
  /nix/store/i3gmzjxbc9qz33h46dccywqvycyr39ip-vector-stream-0.1.0.1.drv
  /nix/store/slka8dl8232k845vxacgsad2l5csff84-inspection-testing-0.6.3.drv
  /nix/store/mz22z58m0cpcvcq8z60bp8m70dzc3bjc-tasty-inspection-testing-0.2.1.drv
  /nix/store/10xg9527pv6xafi283n49fr05zv7crr4-stringbuilder-0.5.1.drv
  /nix/store/54gw9hxi1vb8pba9hfqrvipkb0r1pabp-code-page-0.2.1.drv
  /nix/store/8jf31flgm7ql63cjqnkimg0b7zrd4dri-ghc-paths-0.1.0.12.drv
  /nix/store/k0l7qk7kz5h52m48wl4nimn6sl1534ax-silently-1.2.5.4.drv
  /nix/store/nyrvndzxj2yb3mgxzrsmg3nzrikd7k3m-doctest-0.24.3.drv
  /nix/store/dns0cg2hc4k1ibaig7rrn49jgfq0ksdg-vector-0.13.2.0.drv
  /nix/store/i1y3mq89cff36j4pr4a6wi1r8dflhxd3-wherefrom-compat-0.1.1.1.drv
  /nix/store/pc7ipws23csny28bxkgdgd1xmvhxnv5a-nothunks-0.3.1.drv
  /nix/store/7532gwi5fmmqhc4yp1zaa579954mm3d2-unordered-containers-0.2.20.1.drv
  /nix/store/5pvnvix3i553rvxv3g9ickq59flxk18m-async-2.2.6.drv
  /nix/store/i8rz52373pkjyj551myg2fmx2w8y7n88-unliftio-core-0.2.1.0.drv
  /nix/store/kh3zcamw2iszdgfrdfiqkxdb6miy5smj-typed-process-0.2.13.0.drv
  /nix/store/h4cdlvv54kylijw2yv8v4nwsy0dimia4-tasty-golden-2.3.5.drv
  /nix/store/hik2a1h6i1c6dygfn04s5pkjsranp4w9-happy-lib-2.1.7.drv
  /nix/store/c22y47nzwfiq7dk5syhfvws2m1xw0cb5-happy-2.1.7.drv
  /nix/store/lc1vn48743ffim1dyagh5iqi3n5dxzlx-pretty-show-1.10.drv
  /nix/store/rfpwz5sqshyw8148nx4gm3v6bizggs4h-th-abstraction-0.7.2.0.drv
  /nix/store/0jg5j191wkziss0hk3aac9a007hf0r07-generic-deriving-1.14.7.drv
  /nix/store/0qf33i8ccjzy44ypwjgbnhbvhjrsprvk-integer-logarithms-1.0.5.drv
  /nix/store/a7zrd3gavsfjmagqzw96bzw9d07nqyq4-assoc-1.1.1.drv
  /nix/store/bv646rhh4jw85cwg413iwbdmfvkw0yv9-these-1.2.1.drv
  /nix/store/4di59npfalnv5h2kgdf90hmnwwy0kpjm-strict-0.5.1.drv
  /nix/store/5yz3z09kg0zcj8lngcvfxs4d9ynq7ic5-time-compat-1.9.8.drv
  /nix/store/7s7pax80v0f3cflvk6wvyx083qn1z6a2-text-short-0.1.6.1.drv
  /nix/store/gbbakdc8qzl28i9gir1lws7c2h769fr3-OneTuple-0.4.2.1.drv
  /nix/store/j2iqfvyqffjgaikwkm59m1vc6jx7mr71-old-locale-1.0.0.7.drv
  /nix/store/l6jslrrmap5xlxyzjhx1adcszs09h03q-old-time-1.1.0.5.drv
  /nix/store/n3syp2wl34w02hcc0g0bfbh3ag7yq2lf-data-fix-0.3.4.drv
  /nix/store/p12b7vgx1h72whvxcc523wk4dzm8a1vs-uuid-types-1.0.6.drv
  /nix/store/g4zanzfzmskw25w4pwrmp0l0aqs4a70l-logict-0.8.2.0.drv
  /nix/store/b3r9yz1bkrn1lgrs7mndfhbacd3kwazc-smallcheck-1.2.1.1.drv
  /nix/store/6p3p4pqyz19z1jfhnx8zxl3wz0k36akk-tasty-smallcheck-0.8.2.drv
  /nix/store/prwhlzspvq16cihk6jmh34qsaaz3w8g2-scientific-0.3.8.1.drv
  /nix/store/9aib0xi0v8rs3prwqbr03a2cg91lmv03-quickcheck-instances-0.3.33.drv
  /nix/store/bkmh36766f9b5hqzsyhc679m2dbfcqvp-indexed-traversable-0.1.4.drv
  /nix/store/56gglwmkixiqwh1hdaqwn7q1w2smhlpg-indexed-traversable-instances-0.1.2.drv
  /nix/store/1f798jlzsx3lh1dwk75f1hglynvq3x8g-witherable-0.5.drv
  /nix/store/4xxwkp5r2jsfsd6j5ix0rbq0v5himyqs-base16-bytestring-1.0.2.0.drv
  /nix/store/w3kyfylfcnjvnk7rhsaxzhnnyl3ldqn2-distributive-0.6.3.drv
  /nix/store/52viglmcvx33plnrzn83i4fwhji62779-comonad-5.0.10.drv
  /nix/store/mqvv52g50dr46cnm7j6zfyqqi0wh62in-StateVar-1.2.2.drv
  /nix/store/84ryi4irr9fxfa1kjwm4329isr92xm5g-contravariant-1.5.6.drv
  /nix/store/mbf5zd11mzn2pa6zad0xnphkyjqd83z7-bifunctors-5.6.3.drv
  /nix/store/cbf3y0lz5ws01jnd0nb000s6s3pmmnn9-semigroupoids-6.0.2.drv
  /nix/store/5bil5dfayb5dg6nkd97j1qbr8lal8xj0-semialign-1.3.1.drv
  /nix/store/7w2prlvfg72hbsvz53n6whg6r9ybnyma-dlist-1.0.drv
  /nix/store/nww4cjkg9jgacw82h0glzm6ac1masxgx-integer-conversion-0.1.1.drv
  /nix/store/cqg7j47jn02alp75axx85vaaxirq7d82-text-iso8601-0.1.1.drv
  /nix/store/cvl1d7fs2qhmd7gp739jzyagj3yiw3f5-generically-0.1.1.drv
  /nix/store/dpzzh9asvn3cs78h92vnbxx6047k84ic-character-ps-0.1.drv
  /nix/store/b6bqzjxix2k11b53aliw3mnxf2ff45z4-th-compat-0.1.7.drv
  /nix/store/qfagywnjqnhhrs49vvihkgxbx8vzf81a-network-uri-2.6.4.2.drv
  /nix/store/mcyjh48cyda6vd22pjlqrn6k5vbpnkjp-aeson-2.2.3.0.drv
  /nix/store/r999mjvgskym3cj0hjmwdc4v1wiriv6i-safe-0.3.21.drv
  /nix/store/knz1hdimp87q1b60fd4zbcgn5qk288gm-blaze-builder-0.4.4.1.drv
  /nix/store/5q1lfr7w5nqkcf2gbisjskm94rida2pi-blaze-markup-0.8.3.0.drv
  /nix/store/18skg8g8f859zgf3bprimyixipqyv3z9-blaze-html-0.9.2.0.drv
  /nix/store/1ydq167h66rl21b09hrp48bgssq824hn-transformers-base-0.4.6.drv
  /nix/store/98c47x4rpc3m04dgs6iryy98v4hr8jv7-network-3.2.8.0.drv
  /nix/store/bpk19iiyb9snmv0gjkfn4kjah02j1s22-resourcet-1.3.0.drv
  /nix/store/3qglwmlamdyzwllx63dg3jcii4yhmqw2-split-0.2.5.drv
  /nix/store/y58cdy94c5923qrhmvmd40m7d43ddwpd-profunctors-5.6.3.drv
  /nix/store/72hvx4p9s8wpw53snkdvs97bwzq2m6bk-foldl-1.4.18.drv
  /nix/store/agxc3h153bqhhh0w1p06rc0mph66i3kv-quickcheck-classes-base-0.6.2.0.drv
  /nix/store/mglxgng5vwg4l44dwnn45hqj999g6k6r-primitive-addr-0.1.0.3.drv
  /nix/store/wj7ji8iblp9cv9cmp3wl0v7xzsiwvbwp-semirings-0.7.drv
  /nix/store/f8pmcszxg9h2jfk2inys22b59n5d45i9-quickcheck-classes-0.6.5.0.drv
  /nix/store/hhry29ivkkbs9f20iw1p47s4kjh4sin0-bitvec-1.1.5.0.drv
  /nix/store/g9345h83xr5z94sixkbf8xvjdall4dzi-vector-algorithms-0.9.1.0.drv
  /nix/store/2ypzywcsn1wq14dix50gv285mahyjxf6-mono-traversable-1.0.21.0.drv
  /nix/store/clmdv129fv3byscgppniwzq9zn71jhnd-void-0.7.4.drv
  /nix/store/w5kblrdw7p264jhyz8zrrv34g39l4gh0-safe-exceptions-0.1.7.4.drv
  /nix/store/s74v9xrnmmla772hfwnf75shb01y33j4-unliftio-0.2.25.1.drv
  /nix/store/f4ckrl5qcpwmm50w9vgfby33p1l56x7m-conduit-1.3.6.1.drv
  /nix/store/y17gbz8xh4g20jamc4r8vyvk0sklsvhh-zlib-0.7.1.1.drv
  /nix/store/svhv0zlvxajpmwpyn0742bmpgcdb8jrz-streaming-commons-0.2.3.1.drv
  /nix/store/27jk1apiq1wb3517qlayrgh43sl6f1zx-quickcheck-unicode-1.0.1.0.drv
  /nix/store/xsj19fh2i7daanbhrrdma4swzb1rcqzx-attoparsec-0.14.4.drv
  /nix/store/99x4893n5bl4v2kzgxpva3znymy5nrm7-conduit-extra-1.3.8.drv
  /nix/store/9br6q12c5ian3dvxhmslraj4x87b1ar0-data-default-0.8.0.2.drv
  /nix/store/a6kgh378hq4bg5g59w37hwmgflmpqk7r-cabal-doctest-1.0.12.drv
  /nix/store/j3gg4syb5sf0s5vl0m38ddyjfam5xxbz-xml-types-0.3.8.drv
  /nix/store/rr4ld4zcl8hj51s3ib58zzzd5mafp9kh-xml-conduit-1.10.1.0.drv
  /nix/store/cfi1dplssqpgbzn1dwrq0xazpvgm12y2-skylighting-core-0.14.7.drv
  /nix/store/013dkybg1zzyfvgzcwqyqyqx5xlyzc9p-skylighting-format-ansi-0.1.drv
  /nix/store/01qgh5zbblg5qzai7jfrzhyhqbg19ryl-byteorder-1.0.4.drv
  /nix/store/7s7m1xykymvqsaw7ls45vfw28yc60km8-base-compat-0.14.1.drv
  /nix/store/g2g9r8g3i09fqcq4yc0697p847xgllf8-splitmix-0.1.3.2.drv
  /nix/store/h5r1bzqdqymp1cirdnnn6f3ysirhxkg9-random-1.2.1.3.drv
  /nix/store/7vrdkvv8yypzyqy6fqplsi45h2pp7z5g-QuickCheck-2.15.0.1.drv
  /nix/store/r07avai1lsav2wmlnq2i9wnvwnhhg2fn-nanospec-0.2.2.drv
  /nix/store/xx9f1v7x2jbvkjbkd92hbc19bqp1xc93-temporary-1.3.drv
  /nix/store/dcxm479mvmwyxzpc6a3avwchhwwvj1sx-silently-1.2.5.4.drv
  /nix/store/a78f384h5cqp14k3qzsi767wyp3bnl25-call-stack-0.4.0.drv
  /nix/store/2zpql7vqik86b83sgjqkrxyl24bxw6di-HUnit-1.6.2.0.drv
  /nix/store/7yqncvcdhb7c4yd4l4wz1jxsp1dlk9ni-hspec-expectations-0.8.4.drv
  /nix/store/4awxh8ra2gdd1fdm69kidv43hhjkfqlm-quickcheck-io-0.2.0.drv
  /nix/store/1x4cai4wywi3b30n3fv3wqj21dxxcy3n-colour-2.3.6.drv
  /nix/store/avq6n6x22mp24s73wih3cj266cjc48dy-ansi-terminal-types-1.1.3.drv
  /nix/store/6hgs86a3dp2lb8abkykf10pkgff3pc6y-ansi-terminal-1.1.5.drv
  /nix/store/6zgxkp9k7nlk4n3hx1fqjk1ciifx5iby-haskell-lexer-1.2.1.drv
  /nix/store/824k5whyqz76j17nf0fq08hwhb8lpign-hspec-core-2.11.16.drv
  /nix/store/rwxbpyxayi8hbag8fq1hv9lbz4jl2v5d-logging-facade-0.3.1.drv
  /nix/store/27z59nv6c1c868rsa79p9lci9442vi0r-mockery-0.3.5.drv
  /nix/store/ks2y6zlxymyv7zm59y0lsjllq48gbljj-hspec-meta-2.11.16.drv
  /nix/store/v2v95v5yr90ci1d73mmhxwfnd94w48lq-hspec-discover-2.11.16.drv
  /nix/store/rx2pm8qrqs09m3j8r5ysa18gd13a7cgv-hspec-2.11.16.drv
  /nix/store/qsalqkrlqpwsnndykrnp3qkihscn86fk-stringbuilder-0.5.1.drv
  /nix/store/01y9w87adq0fxjjw4i6dcydkcwr8rj0a-markdown-unlit-0.6.0.drv
  /nix/store/02ah0408sydxkv6xfpj65bzkd3dhxccp-python3.13-versioneer-0.29.drv
  /nix/store/d9kidd02s4dp7ax8f43w50pydv4qr383-json-glib-1.10.8.drv
  /nix/store/4qhrkp05cais9n45vyla7jqnib8m576b-swtpm-0.10.1.drv
  /nix/store/aqxlnl7xkgwz2y6kcfgva9v6dl6p0ss5-iproute2-6.18.0.drv
  /nix/store/4gb4rwwrkrin8443ljbv3s9j3fhfjxsm-tpm2-tss-4.1.3.drv
  /nix/store/vhdiglq46yminkn3kiyv8yxf52qzmakb-python3-3.13.12-env.drv
  /nix/store/d37v71jbj35bq4a8vax5mp7lnvaw1ykx-llvm-21.1.8.drv
  /nix/store/kfp6lp00f5qspbaylsw4ci9r9rk8qsd5-clang-at-least-16-LLVMgold-path.patch.drv
  /nix/store/wnywsyfn9hq1wzbbx41agncxv8hgjk03-clang-21.1.8.drv
  /nix/store/w7k9sz0ih9ry57n9wng6brb3kd0j0jd1-clang-wrapper-21.1.8.drv
  /nix/store/35qrriggwpfif7mlfdm8b2jk7nk0kvyp-systemd-259.drv
  /nix/store/4b3h9390cm05yip7nymywcl9rvckxvf5-nixos-version.drv
  /nix/store/389in69qx51jai4s1yrlmx3a6x4pbrvg-Glob-0.10.2.drv
  /nix/store/jg9j5wjkfcpbya1y0v0qq850lda89ywh-setenv-0.1.1.3.drv
  /nix/store/9m9l8qpr0zi30yf0rdxv2j5ahy16a07y-clock-0.8.4.drv
  /nix/store/r28xxa1kdfgpdnq0jzkr6hvh1fgz1n80-extra-1.8.1.drv
  /nix/store/rr4bic98z6fndbvq3wvjsvs4nn0kvhck-ghc-exactprint-1.10.0.0.drv
  /nix/store/zz83z3l1b86180sxnsapgchgx3lf9y67-doctest-parallel-0.4.drv
  /nix/store/c8zq1bp607hyqfjba5f5vgbi1n0fym7j-regex-tdfa-1.3.2.5.drv
  /nix/store/vqs2lf5vw5pna9v1nf6kx11qllj5qv3w-fgl-5.8.3.0.drv
  /nix/store/nr1qp91s2vwibi8nhym29nf4i9f736d0-ShellCheck-0.11.0.drv
  /nix/store/56327vik638bscrvn096dn1mwyklplga-nixos-firewall-tool.drv
  /nix/store/gv7bqmib491cm8lcqzijkm7hikbbwc9j-python3-3.13.12-env.drv
  /nix/store/cc0454ibjw7lzn5vzipd5jif3r8nv93w-fetch-cargo-vendor-util.drv
  /nix/store/8ggny7sqyj5ycvczq5ba9qh40pdzq7pb-rustc-1.93.0.drv
  /nix/store/qsmflc8pqlx3kwvbs7llp2wy4wh2jq5g-rustc-wrapper-1.93.0.drv
  /nix/store/r8w8zmlcj7qqhwwqk83z3znk1p7s0k0y-cargo-1.93.0.drv
  /nix/store/2ixfi63q2mg9q2l7nb4ym5h2zgfnjv0h-cargo-auditable-bootstrap-0.7.2-vendor.drv
  /nix/store/n6v5mvw34k899avnbbfmv4wzsw3nii6z-cargo-auditable-bootstrap-0.7.2.drv
  /nix/store/4wixla67nlhihqrcinxwgz8ljxvn2n5s-auditable-cargo-bootstrap-1.93.0.drv
  /nix/store/qrj6139vcbagmxshpwdnqx41l9pzck7f-cargo-1.93.0.drv
  /nix/store/bnif3m3mc8m2afbzcwjz9dlmfhw6884m-git-2.53.0.drv
  /nix/store/3da510hw5hxm24v8xc9rfnf443qzf8kc-mercurial-7.1.2-vendor.drv
  /nix/store/v54lay0vx1kv3s0xnfd85j3h225z7chp-python3.13-sphinx-issues-5.0.1.drv
  /nix/store/597hv4jpp37dihcpmmn62zmqzr73qmrn-python3.13-pip-25.3.drv
  /nix/store/lx8jb7rlb8b79mdm3sfskzhqxwvjlinc-python3.13-numpy-2.4.2.drv
  /nix/store/ryn6sk2077c30bqvzz864dihr76prxa2-python3.13-scikit-build-core-0.11.6.drv
  /nix/store/j02l6ai54kd9bgdg7jhxdfjaxcd3ishb-python3.13-pybind11-3.0.1.drv
  /nix/store/7nm00q9xajdd65l030y96da43sf43l4b-python3.13-google-re2-1.1.20251105.drv
  /nix/store/pynqg2x1034649r7w153vrldk09zwm8h-mercurial-7.1.2.drv
  /nix/store/b0d7j0l0cw592iyap1k2p22awyv2lis0-nix-functional-tests-2.31.3.drv
  /nix/store/imi66hhldhm96n4vcyl2msnh1x2vbfjx-cargo-auditable-0.7.2-vendor.drv
  /nix/store/l5b0hphjn09h6fz5r61d1hqdivjrqsrw-auditable-cargo-1.93.0.drv
  /nix/store/7xq02f4an25sbjn51jrgvbykhkmcm9a0-cargo-auditable-0.7.2.drv
  /nix/store/fa5sn0rhrxswc02j7ypisdjmdfb5asnk-auditable-cargo-1.93.0.drv
  /nix/store/ij546g9jny8gmi7dbv4myk0mnhnxyc1m-mdbook-0.5.2-vendor.drv
  /nix/store/69n7h44av6f0iz21c9wxm9r1m3kvilmj-mdbook-0.5.2.drv
  /nix/store/b8i2krbvjz9iz899ybqqh24vvsm4x1vx-nix-manual-2.31.3.drv
  /nix/store/5rlgkf4ynrz8flvmahj0vjnwy86mss21-nix-2.31.3.drv
  /nix/store/7y19ygfryrfzixgx713r3y86vqqk245j-nixos-option.drv
  /nix/store/9nn7wc64mj3lrrmpxj781ih83cdp3gmc-grafana-loki-3.6.6.drv
  /nix/store/azdcl19lgykx1x2fhcdny59nr0gaajra-python3.13-sqlite-utils-3.39.drv
  /nix/store/kkx7ci448glrh13s11iksrnf4k0fdjdb-nixos-rebuild-ng-26.05.drv
  /nix/store/rqkrl9w6yv6c3x17zzhzc8rdqjz2zi3c-python3.13-sphinxcontrib-jquery-4.1.drv
  /nix/store/api6dfpfh4crpmpfkyh118kwxpd04f1d-python3.13-sphinx-rtd-theme-3.1.0.drv
  /nix/store/6l2lpay70580djklb4gms4q41p9dmm0b-python3-3.13.12-env.drv
  /nix/store/2jrxq1hhfhj2vhc42qgzds21v24v7814-btrfs-progs-6.19.drv
  /nix/store/ny8n4fcpn1vj0f7c7qspa6iqda47qmzj-nixos-generate-config.drv
  /nix/store/d4zir85a423pym5rfbn9nzcm3x8x9dlr-faketty-1.0.20-vendor.drv
  /nix/store/9370bmczjvz8h7fdwg6fa9jzmr07rilb-faketty-1.0.20.drv
  /nix/store/lq00c5llfgwkcd9ql2psr9zz861j50vj-python3.13-sphinx-hook.drv
  /nix/store/qs5s828777a6gbpvcj5i7bqmnidi85yh-python3.13-sphinx-autodoc-typehints-3.6.2.drv
  /nix/store/7a1vrpgqd9agkhz87d1cbl4fa8c16jv7-python3.13-typeguard-4.4.4.drv
  /nix/store/fq2jxmqv5xjy0cmf5ii1ksjy8hcx1c0s-python3.13-inflect-7.5.0.drv
  /nix/store/ams0ncilwxby3cigiz3nnxwif6a9xsxr-python3.13-jaraco-text-4.0.0.drv
  /nix/store/knaiq1ia13cxfp8vbqdhlfdad08w1bcp-python3.13-jaraco-collections-5.2.1.drv
  /nix/store/qwg0xrk151lkr8cfqqr613xkk6r6s87i-python3.13-pandas-2.3.3.drv
  /nix/store/1nq8jwghz5rh6g9244ryga9nmw0frcad-python3.13-pyfakefs-6.0.0.drv
  /nix/store/bd29n2q9sqc64y3h0xq57lds0qgvalgh-prefetch-npm-deps-0.1.0.drv
  /nix/store/kld8wfpjw9faqna58dhqmc9n71wv0b4s-npm-config-hook.drv
  /nix/store/36wngfqw3jgj78dqq89w826w8n465ch8-furo-web-2025.07.19.drv
  /nix/store/pykszxz6ls986n40rshxhj3ria352c3j-python3.13-chardet-5.2.0.drv
  /nix/store/ir81lqrqa0ybh44yxzqqwcj4wyw81qr9-python3.13-platformdirs-4.5.1.drv
  /nix/store/ypfq6ca82ks9rz5gsjfp63w4rgxi2xvw-python3.13-virtualenv-20.36.1.drv
  /nix/store/1ranlgpnabnibysg03bi72vqdq5zy7cb-python3.13-poetry-core-2.3.0.drv
  /nix/store/za2i0cx4cmg3f6x16wijrx25lx85k70k-python3.13-pkgconfig-1.5.5.drv
  /nix/store/vdyi6njmdqafrxpaqzzk8zjfzljagzix-python3.13-faust-cchardet-2.1.19.drv
  /nix/store/mdbyqc2ln3pqvnq65n6p7kibna5svva0-python3.13-beautifulsoup4-4.14.3.drv
  /nix/store/yyz2ad56ic34jr1xa87zfzfmcs7rzvx1-python3.13-sphinx-basic-ng-1.0.0.beta2.drv
  /nix/store/w8qwnagfsy0nnsymgwdiryfwx7x3jc97-python3.13-furo-2025.07.19.drv
  /nix/store/bdxlwbjjfn8k3xql4r31729vzc72qz1r-python3.13-pyproject-api-1.10.0.drv
  /nix/store/yf9fx1wagahbb00kqnckn0d9b56mv9m4-python3.13-tox-4.34.1.drv
  /nix/store/9vzzscdfx75m9mb1yrdprihkjjzpc3qv-python3.13-jaraco-envs-2.6.0.drv
  /nix/store/xb9m9fdhh2lnkjy8vf0w2n5x0fzlbjpv-python3.13-distutils-80.10.1.drv
  /nix/store/md6qyq1nxvrm7fa08n82xhawhxpwz8c9-python3-3.13.12-env.drv
  /nix/store/zwm6md30ji3r1iw7aii7myfb54xlh4hh-grafana-12.4.0.drv
  /nix/store/02xaykfr74gg9xw49zy1yab0liaiks6m-system-path.drv
  /nix/store/03zpp4a2x32iw4kpn61572x9v7kbyrkk-python3.13-pyyaml-6.0.3.drv
  /nix/store/r7sf7ff8sx3v91hw5w7yxbyikzfw6a9j-lld-21.1.8.drv
  /nix/store/png2nzhy7cfkg56ry17gkxn3v5q26d11-llvm-binutils-21.1.8.drv
  /nix/store/dh515a9rgmdnhfdzk164jyp0bwvb6n38-llvm-binutils-wrapper-21.1.8.drv
  /nix/store/djx068m8pfwxh088rbcm0j592hydb3m0-clang-wrapper-21.1.8.drv
  /nix/store/dmgdhgfpq2apni3kx6klr5ilhg08d66j-stdenv-linux.drv
  /nix/store/0y5cl52yvg0hk5kzix6xd893cjacgv5d-postgresql-17.9.drv
  /nix/store/6rq7j9nnzwmhdk07qq7y5cn9rf5n5wyh-postgresql-and-plugins-17.9.drv
  /nix/store/0426bihplzfr5dwvyqv9l6lmnrnyspc6-unit-postgresql.service.drv
  /nix/store/2j56mz7ps9g2vsmhkjz9ns4rncmmgcl8-uvwasi-0.0.23.drv
  /nix/store/3bgk16frnvb547qzbxacbghslmxrpdlm-gbenchmark-1.9.4.drv
  /nix/store/53b8271j884hn57mbqgda67i38cvjrv7-simdutf-8.0.0.drv
  /nix/store/hk6hd5cs48qbzg61y6mydglc3yy6ay75-simdjson-4.2.4.drv
  /nix/store/8cppssg0gall3v6p5jzc44dyqgjdkysp-ada-3.4.2.drv
  /nix/store/8xsln9wc4v1wf4sksczrv1ld31ik84di-simdutf-6.5.0.drv
  /nix/store/g9wf56qlypsq2q6805dw84faw9sw4g90-llhttp-9.3.0.drv
  /nix/store/a2zwan6yqz6fhysscjmd5y4mdgb55w7x-nodejs-slim-24.13.0.drv
  /nix/store/0451v22ph5zgkb478p68wmmixj29axjb-nodejs-24.13.0-source.drv
  /nix/store/flmj61kjd72qvh4gmfc66lx993p176a6-network-byte-order-0.1.7.drv
  /nix/store/gs4hpqqa75x0bczfdl29kzhdcg048np8-http-types-0.12.4.drv
  /nix/store/0qsr4yrmc1xwwp91abva87687v3lc2ma-erf-2.0.0.0.drv
  /nix/store/389glz9m8pq7ic5ban6dw4zl9fsdil7k-mmorph-1.2.2.drv
  /nix/store/5h3a1k0ciq6jkdzzyp514bzlqg1nplab-wl-pprint-annotated-0.1.0.1.drv
  /nix/store/9fah32xqidjafjhdbdfmrmd68ja0w7i3-monad-control-1.0.3.1.drv
  /nix/store/a3q5rgf5a50swmm02xiwkcnzx1z6bkxs-barbies-2.1.1.0.drv
  /nix/store/z1fp7msyk6z3ivwxj4gwdbalvm0gk90j-terminal-size-0.3.4.drv
  /nix/store/d4z3v8rwifig3wjaqci7jkxp2z6skb4k-concurrent-output-1.10.21.drv
  /nix/store/b09x5yp3gncxcfk57az54mjiyc1zkdvl-lifted-base-0.2.3.12.drv
  /nix/store/y72f1xsy6vmahqfipk1k49s7nliqbcn2-boring-0.2.2.drv
  /nix/store/c2lym963zymsh3j930ykwz1mq08p6gcc-constraints-0.14.3.drv
  /nix/store/sflvz2fzk55jiwxw4vnibnpfgk7fnqz4-lifted-async-0.10.2.7.drv
  /nix/store/57bhffvqvvwidh5mshnzhhnyvqahhrvx-hedgehog-1.5.drv
  /nix/store/hjh8r3zm716kqrb6ya67bdkh6v5g0g89-mtl-compat-0.2.2.drv
  /nix/store/s57r28rc5a5zg7vl3ifxc9ridybnvpw7-tasty-hedgehog-1.4.0.2.drv
  /nix/store/i7hir3wsrwhrm4jg8caqb91qdml10lpl-retry-0.9.3.1.drv
  /nix/store/3z3mk1j8qkf5018b9lgcqn1m1lg10sm3-auto-update-0.2.6.drv
  /nix/store/hv6ryl9kcg9ifg9dssjrxg08r64x26gd-time-manager-0.2.4.drv
  /nix/store/04h5n1lkmqhw1v4jxjz2f8cjn2h0sa5n-http-semantics-0.3.0.drv
  /nix/store/l3fq2zgdib8m0ymysqjq6qswfji2sd42-python3.13-invoke-2.2.1.drv
  /nix/store/z0rl1ka505ijxc1ha03vbxqz6a6171vf-python3.13-decorator-5.2.1.drv
  /nix/store/05vvgvh21i89pk2p2fr3417l8vxblpa6-python3.13-pytest-relaxed-2.0.2.drv
  /nix/store/06w8lq4ji5rmmlils71289d5piwbh59f-magic-1.1.drv
  /nix/store/243zh2y66jwyf60y03ap3jr618djqyr9-xorgproto-2025.1.drv
  /nix/store/2gcimkfjzzy2ba4wgl7wjmmx1lij07fi-gnulib-20241001.drv
  /nix/store/1p517dm2ycl8rk1vc7rqnk72cvdxq9s6-man-db-2.13.1.drv
  /nix/store/49b4fyrx43q09irqplvf9n1vkx0x5ncj-w3m-0.5.6.drv
  /nix/store/q7yigcjak58pzixjbjj2wyslz6g67jzf-xmlto-0.0.29.drv
  /nix/store/5dhwf1q158hcn5nkg40w0z6pb1niblhq-zeromq-4.3.5.drv
  /nix/store/8qvbqqfyn6mvdx4sl3d86ghzc7jg1fi5-python3-3.13.12-env.drv
  /nix/store/1lrx8hf7ddg4x8c6rjh1cks5gqifkmaq-libselinux-3.8.1.drv
  /nix/store/79b59nsdgbzn61rxh93bjmxhkmb79159-python3.13-markdown-3.10.1.drv
  /nix/store/rky6b37xn972iswdd6wsc2ha1hy5s7mw-python3.13-smartypants-2.0.2.drv
  /nix/store/rmzdn74a5r2cbaayyn5h32baq4xlhr7k-python3.13-typogrify-2.1.0.drv
  /nix/store/5a7mvnvsldhz62022k5nv2frxasqjigp-gi-docgen-2026.1.drv
  /nix/store/1mzsdcwjvxxj4ihl8m2x8cri9siqd76k-python3.13-pyparsing-3.3.2.drv
  /nix/store/ffhgjiql2807vabzaq263kcn5bl1ni9c-systemtap-5.4.drv
  /nix/store/ik9fsh0w7f7r4syifhhpcvgdj5vzd68x-systemtap-5.4.drv
  /nix/store/k187pf428vjr2saj18nlbfnavah92vp2-libsysprof-capture-49.0.drv
  /nix/store/arh1s109aabvccb7agachq7i7gf6wc0j-python3.13-mock-5.2.0.drv
  /nix/store/sha8008xhdw2qz6kqp677ikaaf97sbrl-python3.13-polib-1.2.0.drv
  /nix/store/sjm4pib21dmkf1mnw9y00103231fk6h9-python3.13-click-8.3.1.drv
  /nix/store/jcx5hnllknv5xwkgi3srkd1ygci9ivmp-python3.13-lingua-4.15.0.drv
  /nix/store/k3s6sk43qz0a5mys1km2hs7v2v0b0041-python3.13-chameleon-4.6.0.drv
  /nix/store/g4pq3j953zxd100n10vzg3ql254p55l2-python3.13-mako-1.3.10.drv
  /nix/store/9b6d58rsk7b46v8cixmq2k2bzyhkm83l-python3-3.13.12-env.drv
  /nix/store/zx17kahh5ja6c7hnmy94k1z921q0vfvv-libsystemtap-5.3.drv
  /nix/store/9lwgwkq5ci6w34agqn2lq9k17hzlhfy4-glib-2.86.3.drv
  /nix/store/rh64rb8a9bbl04hxax5x0zvr00ybfdyd-gobject-introspection-1.86.0.drv
  /nix/store/v3jh5gmnp5fv17ls5ipi5hars37n4wf9-gobject-introspection-wrapped-1.86.0.drv
  /nix/store/c6czzpxqyg2n93ynrxmangj7c6vm39yw-glib-2.86.3.drv
  /nix/store/2pi9sqbamw92yw5b2ljkw89agksrz4an-libdeflate-1.25.drv
  /nix/store/g1m6j2fxiy3n905laiy9cwmip470my4l-lerc-4.0.0.drv
  /nix/store/pzmg5wkp3i683a054ygykzb3q7ynfb4f-libjpeg-turbo-3.1.3.drv
  /nix/store/p901aky4bavkph74hb9203s4xxxm7ld3-libwebp-1.6.0.drv
  /nix/store/ljvikff8c5ai60zj75pxgq6hafx0s5vp-libtiff-4.7.1.drv
  /nix/store/szpnnh0m9dp7xmf949nqfzjh174xjm6x-freetype-2.13.3.drv
  /nix/store/xlr1avmkpqaf0ik0qr4axa0hqhi8y34h-set-python-sys-path.patch.drv
  /nix/store/z326wx83qdrzj8bm017v2aip6j4ypb0c-woff2-1.0.2.drv
  /nix/store/i4jnzy7b6hbdsyn9wiv8csrkv51v52mw-fontforge-20251009.drv
  /nix/store/k1q7ld1cf4k7pjfnssmvp83nc5l1drmc-dejavu-fonts-full-2.37.drv
  /nix/store/fdx4md08g3bxqicfqj91qk9djd1ycdff-dejavu-fonts-minimal-2.37.drv
  /nix/store/799pfvshwkj65drafkppz0yq6a78v9yv-fontconfig-2.17.1.drv
  /nix/store/6mrvy3x9a9ghhyw2cg99pi45q0vb7ql1-libxau-1.0.12.drv
  /nix/store/aq8azl7lv4p4fpb48h7r3mds82yxfivk-libxdmcp-1.1.5.drv
  /nix/store/j30v34r9rfq87r387ghhscp82p9y1j27-xcb-proto-1.17.0.drv
  /nix/store/llkfpxc2g8hjkhwyn74hxhd11b0xkg5b-libxcb-1.17.0.drv
  /nix/store/rv7cyqvz2r46d0h54qwp8g4f6prx90jc-libx11-1.8.12.drv
  /nix/store/w2y70sxql337nrri9iz7wrn0ssdc0q9f-libxrender-0.9.12.drv
  /nix/store/070dy42zhnqs5936cdbkc3njq1jnahdk-libxft-2.3.9.drv
  /nix/store/07drx1fnva3hb6yamrgzclzrzxx07dr1-data-default-0.8.0.2.drv
  /nix/store/giy886h370am0y05mqw93g3x15llya5b-python3-3.13.12-env.drv
  /nix/store/9qm4dc7qnh8rxh3z22qrqhasrwfj1ggy-python3.13-pyelftools-0.32.drv
  /nix/store/v9ylgwdc6vfwmdxynx303ppn7gcf5v1l-python3-3.13.12-env.drv
  /nix/store/qgx5ska3kmchgny982f7a1xxss241p0y-auto-patchelf-0-unstable-2024-08-14.drv
  /nix/store/nxq8km6bwiybkj25qa0wr4b9jb94sw6j-auto-patchelf-hook.drv
  /nix/store/sdnbbwcb2alb54spifyk9hmp7a9r11gn-kmod-31.drv
  /nix/store/h5j8isfjfp5sv35ixx8v516gszif50vb-systemd-minimal-259.drv
  /nix/store/sibj7x9iz5hj6hxmjfb9a7h9w5czi6nx-udev-check-hook.drv
  /nix/store/07w5xdzgi2qd2a8r16c7ywh8sf85s7z1-fuse-3.17.4.drv
  /nix/store/094d2al4d3c5y83dcsi484ghk0y8hjfa-python3.13-regex-2026.1.15.drv
  /nix/store/12vwipg561msw35g8111ywkymxmwvb0k-llvm-tblgen-21.1.8.drv
  /nix/store/cq2glzswnrq11q2x4zynviqssn8v238v-python3-3.13.12-env.drv
  /nix/store/l01qllk42hz32y8l2xzf0p2gyvswx9ic-llvm-21.1.8.drv
  /nix/store/cy63b0pawhzvfn77nb0jmwdn2n1lgca7-clang-at-least-16-LLVMgold-path.patch.drv
  /nix/store/13dxjn2jmgqnpr3vsmjhzpp68kvjwic1-clang-21.1.8.drv
  /nix/store/cvijlwjr0lbhrfvjl83sf74vvb4p2pk7-rustc-bootstrap-1.93.0.drv
  /nix/store/0swcn79bqf471i2nw1xpyilraxvpxcvs-rustc-bootstrap-wrapper-1.93.0.drv
  /nix/store/55vmvhnhizfq44l47vsqj2c0j1jlsp44-cargo-bootstrap-1.93.0.drv
  /nix/store/qidczmv3igq2wzg74hl993rri9s975vg-rustc-1.93.0.drv
  /nix/store/1kq0x8nmivs5pad1ccayh3fhwd7kgi08-rustc-wrapper-1.93.0.drv
  /nix/store/ilw3k5azmi610f3amv158wq2l7ci0nd5-cargo-1.93.0.drv
  /nix/store/58r0smbcgcvyjwv21wlfimw09kr8jnq5-python3.13-pyflakes-3.4.0.drv
  /nix/store/llcmy6p54hjjxh7390k81i1p78c5ngb8-python3.13-pycodestyle-2.14.0.drv
  /nix/store/vwcjrqlzlpg2gr2vrgs1izkcj10iznwx-python3.13-mccabe-0.7.0.drv
  /nix/store/jxmcvfb3knpsdfxlws8ch92zac05qnhw-python3.13-flake8-7.3.0.drv
  /nix/store/q4k6nfif81d1p2i6nvjqybfzqgd7vkbi-dash-0.5.13.1.drv
  /nix/store/29n5r5gb9nj2g1vf72fwgc247iw198iq-pythoncheck.sh.drv
  /nix/store/1vl15c7jdsfj123i58bs1r8v00q99x93-pythoncheck.sh.drv
  /nix/store/16732szrwbcyp16gxbxfs6xbawyfbbby-python3.13-tomli-w-1.2.0.drv
  /nix/store/apvbffdf2f2jsc1mspc574sh3pih6cyy-python3-3.13.12-env.drv
  /nix/store/dhrkki08cnndn45d8zbzgx6nh4bk42w5-replace-workspace-values.drv
  /nix/store/30csnc413rjckbxc4gpqqsqda7c5ic3f-pythoncheck.sh.drv
  /nix/store/b3pbihqz627782vd21mzyl78yzyhpgv3-pythoncheck.sh.drv
  /nix/store/y25w44494fg456lags1b2rrz8x5lm05b-python3-3.13.12-env.drv
  /nix/store/p0v71v67qa7z4bq42gw3iyhh6zcblcqh-fetch-cargo-vendor-util.drv
  /nix/store/rm2yhl61v6vzpnz330a0dkgpb08av2xq-cargo-auditable-bootstrap-0.7.2-vendor.drv
  /nix/store/41fmi58c1a49i0nnnvs40g6p4mlkl0yb-cargo-auditable-bootstrap-0.7.2.drv
  /nix/store/wq63h34lm6qk114zgx82xack9vwbm98v-auditable-cargo-bootstrap-1.93.0.drv
  /nix/store/4lkslmswq7k9zj0fn1k2kkgxqyhnxq48-cargo-1.93.0.drv
  /nix/store/8rr7mb19v5n6iq4cf4cqmm93k8x40wj8-auditable-cargo-1.93.0.drv
  /nix/store/jyi3d1jbfk12gcblci0lja9v72b25f51-cargo-auditable-0.7.2-vendor.drv
  /nix/store/dqqk73abfwbllww1xy0a79p46b0zi0mr-cargo-auditable-0.7.2.drv
  /nix/store/fzdjvh2si7ry3szjqc5a6zvgbh44jk6w-auditable-cargo-1.93.0.drv
  /nix/store/8ax5a7zrn4hn2d8fzpfz76qrzpxgm12v-compiler-rt-libc-21.1.8.drv
  /nix/store/hlj3mz02frkpdibqqxn1d37mrnvg9dmz-clang-wrapper-21.1.8.drv
  /nix/store/s331x6mq9rby4ildqkq0nk10761glgiz-rust-bindgen-unwrapped-0.72.1-vendor.drv
  /nix/store/v2gmr3m8a9asz4g7nwbxc8k1xjlcklyi-rustfmt-nightly-1.93.0.drv
  /nix/store/i7d7s016dxbxzls6fgnai01a9a61hmf0-rust-bindgen-unwrapped-0.72.1.drv
  /nix/store/1gy57ls63ifzdadsn3fg4ksb3ql27adz-libbpf-1.6.3.drv
  /nix/store/lxjlbzivcf7v2j0dz7ls2rmqbrjgc7yi-pahole-1.31.drv
  /nix/store/09f1ncl3879yy5z785fs0bznd42m2d92-linux-config-6.18.16.drv
  /nix/store/xy3hchwb05nw4pf8wh82xvx8wgzrakvf-systemd-default-tmpfiles.drv
  /nix/store/1bqysjf0rlykmx0039kgdlmyfbjfiz7n-tmpfiles.d.drv
  /nix/store/1w3gdsnf7dlxhxjcgm01ccq6mmb1qjk6-system-generators.drv
  /nix/store/449sjkqyyzs7i4p82n3jc0q8nimikwsv-nix.conf.drv
  /nix/store/3g57qcdi5x0k9hrkyrk6kdg141l0f1g4-unit-script-nixos-activation-start.drv
  /nix/store/42h5wdw2cwlv2qjabbrq4k3fdq7w1zyr-unit-nixos-activation.service.drv
  /nix/store/gcys4qrb5n5iqrikwnpkf71brhlwbalh-unit-systemd-tmpfiles-setup.service.drv
  /nix/store/kacip67yn2nqp3wxnnbs3z3iwh865xi7-system-path.drv
  /nix/store/abfx89mv65g7h8d0ar2xm86zmqrylbsd-dbus-1.drv
  /nix/store/43s3w31xmv4fk3f6di924n51nnvpqx12-X-Restart-Triggers-dbus.drv
  /nix/store/vplgqm95zm6wxk3yi6276xgawcpa55p3-unit-dbus.service.drv
  /nix/store/7fdwfpqbg0m7rm03ghjcqp36sy20c7sl-user-units.drv
  /nix/store/bqk4zvaj1glfzc1fnin6ws042xba4c9m-etc-os-release.drv
  /nix/store/f2rxcdxb4gpjbdi41z09jrz89ps066sb-etc-ssh-ssh_config.drv
  /nix/store/m7dag8bkx1zrz224s9p3nwfjnbafvg0p-fc-cache.drv
  /nix/store/4nrs25z1d9hnsqcyqfsjgp146brj6h03-fc-00-nixos-cache.conf.drv
  /nix/store/ky0wcimk266i1q01w7f5j6ygs3dhw2sx-fontconfig-conf.drv
  /nix/store/fnqsg9w1y4z6q17z5yw4b2yikj4jp2nr-fontconfig-etc.drv
  /nix/store/dgrl3zxrnikswxav3ilxgn3i0arlzydh-systemd.drv
  /nix/store/hkkk7smyr83nxqwkmnkyfmqm3kl90d4i-50-coredump.conf.drv
  /nix/store/hyh6q3wj2p5yp7rsb11qgpc2l3b3igkc-login.pam.drv
  /nix/store/mrkvlb0xdq56srk1kk292fbw4rds0951-system-shutdown.drv
  /nix/store/2fc8l81841znwvgch2dp2agxwq2lbi3m-unit-systemd-nspawn-.service.drv
  /nix/store/4267ryq1a73qig6v6f46kzm8zil81f9d-unit-systemd-oomd.service.drv
  /nix/store/478rxmi1sg3k20v1dyx08g9f8rc6kzcm-unit-user-runtime-dir-.service.drv
  /nix/store/47ppi5yjqg1g2b3c530pl0vpnn41q1c6-unit-systemd-udev-settle.service.drv
  /nix/store/bzjrp1d74hnpygnxybq1cghns4nb5fai-shutdown-ramfs-contents.json.drv
  /nix/store/hmaxn1vgc7a3gkn1zw5l14z07kiqncvf-make-initrd-ng-0.1.0.drv
  /nix/store/4ll286bipnpliipwf1zlcga1jmwvpsgv-unit-generate-shutdown-ramfs.service.drv
  /nix/store/731gaz7av11plhk6czga279vnx6lqnbk-unit-systemd-localed.service.drv
  /nix/store/75gbjh7m63frzszz1xsy7w1i89mbchj1-unit-systemd-mkswap-.service.drv
  /nix/store/y3lfxa892xnkyfymna0950js11jr63wp-etc-sysctl.d-60-nixos.conf.drv
  /nix/store/p0d1j53bwr7057ghsx8y89hf8m2wr9rc-X-Restart-Triggers-systemd-sysctl.drv
  /nix/store/7r3fjmajkzanrhmi4yd5c5qlnywk5kpl-unit-systemd-sysctl.service.drv
  /nix/store/issqs7b1rsq1i445habak6cx2caygp7v-X-Restart-Triggers-nix-daemon.drv
  /nix/store/8qk0aqyc2ifip6nj0f7g4dih25kfb5p5-unit-nix-daemon.service.drv
  /nix/store/90b8bnx7qpvhv7izcic1aqz341i11967-unit-logrotate-checkconf.service.drv
  /nix/store/9mzf33hjpbdrh1d35c6icxbhlnk0nbv6-unit-systemd-journald-.service.drv
  /nix/store/b70svk4v2c2m5zq1ap0bj652ddnh5bqi-unit-systemd-pstore.service.drv
  /nix/store/cxnpk7kx76da6cyq8y9fs6iz65qv9p9j-unit-systemd-makefs-.service.drv
  /nix/store/d5nf410ijacp4065kirjacngcs6i6lsy-unit-systemd-update-utmp.service.drv
  /nix/store/fai5m1nnqc01vrq817wjb81dgxb7k212-unit-systemd-user-sessions.service.drv
  /nix/store/67y7cyr5m3qkd54zllnagzism8q5qh3i-nftables-rules.drv
  /nix/store/g4xkz6jqyavd4svjzpzr7gbyhrdx7kgn-unit-nftables.service.drv
  /nix/store/hjalr8215jyr4y7y21p0rzpz2s07ri3w-unit-systemd-resolved.service.drv
  /nix/store/jmbapk7s4mcrhcvqd4xmsm2kczdzlv44-nsncd-1.5.2-vendor.drv
  /nix/store/h4avwbdha830gyiv60rrpw12zmnk5a5f-nsncd-1.5.2.drv
  /nix/store/hv32q6r39qxhalgxcx5s20bh7iddv8ka-unit-nscd.service.drv
  /nix/store/jhs7g3ssb2945i9x5zifgy3ligqikljr-X-Restart-Triggers-systemd-tmpfiles-resetup.drv
  /nix/store/hwrqx7p01gv732743182j8k3vfzcfky5-unit-systemd-tmpfiles-resetup.service.drv
  /nix/store/ija3rs2nq0y077fh8hd5xbp60xp15xi0-unit-systemd-hostnamed.service.drv
  /nix/store/jgfx7sy628vqmvszlrqlsgycdli66g4c-unit-lastlog2-import.service.drv
  /nix/store/kgh86bq7cskbi1hq9k74afzjssg6z3w2-unit-systemd-fsck-.service.drv
  /nix/store/hhf0z1qd3yihdqlp4pqh331g4p9wdj00-unit-script-nix-gc-start.drv
  /nix/store/md1b7jmd6malgjb1k8gzxndxmb5b9xg0-unit-nix-gc.service.drv
  /nix/store/n69nl0pd4mi8c844f0g81df9zjc9brkr-unit-systemd-backlight-.service.drv
  /nix/store/npvmkm9iqz5vzlrw1bmla67b5p6d06k6-unit-logrotate.service.drv
  /nix/store/p0snwcdxxxzf4nizj4zdrgvyxxfplq88-unit-user-.service.drv
  /nix/store/q139lxxv49xrj645qcnm5sgljda4j5b9-unit-systemd-journald.service.drv
  /nix/store/r6sdiir2pkb7q7jf2nh1zis6vknnaasf-unit-prepare-kexec.service.drv
  /nix/store/v5jv3qpg6b1mjfizg6bqbww3j3drz5z7-unit-kmod-static-nodes.service.drv
  /nix/store/ww8xns7cilwxc4sp9s7115m382rvxbly-unit-suid-sgid-wrappers.service.drv
  /nix/store/x6ix19ifgcq518b3dbalq177qaispi9s-unit-systemd-importd.service.drv
  /nix/store/xmic88n9vdcniiy3gyd4npf81vcsamm6-unit-systemd-logind.service.drv
  /nix/store/xvbgil51yfkz11nbqanx4qbd4lczpg49-unit-dbus.service.drv
  /nix/store/xzp3djs0p2gnk9qpirms9h0zcfrw3hhk-unit-nix-optimise.service.drv
  /nix/store/cy2mfd32ly9l3rczipg8gn1ff3vc5yyk-unit-script-linger-users-start.drv
  /nix/store/yh1f275l0wn6x9mgc12mw25y4aklgac1-unit-linger-users.service.drv
  /nix/store/ypzwgfnj7ywgm8gzb4a053skfdljr5b3-unit-systemd-random-seed.service.drv
  /nix/store/zkvy28ch52l75h661dw766v8innzmpvq-unit-systemd-timedated.service.drv
  /nix/store/zmq1l8isscg59hfzphnv1mrck1qzar46-unit-systemd-remount-fs.service.drv
  /nix/store/zz2nqg4lcv04kqa3623nslxhyqjd19nd-unit-systemd-journal-flush.service.drv
  /nix/store/mxf3k63mpgz71pkknmdvcxdcmlbrf0kr-system-units.drv
  /nix/store/plskcyi7g0xqwwbjaccmphijvx0q0irv-systemd-user.pam.drv
  /nix/store/va36gj2admg4lhasbhqzy4mvrfs08h6b-nixos-init-0.1.0.drv
  /nix/store/wa7wiz950zgs7h06pk8b3ybhvyw5dn0d-user-generators.drv
  /nix/store/w5hghfiv6r4882zx1j0ghlljvxr8517q-etc.drv
  /nix/store/09nbsa7cnmrpmd9ap27hi4i8da838m8d-activate.drv
  /nix/store/s9zf1dgbfvi0rway5d3f6ya0hcsjhqcy-socat-1.8.1.0.drv
  /nix/store/6cvx987xspm4jph14ns0jk4jrdwx5dmg-pixman-0.46.4.drv
  /nix/store/f79vl46j9s0idqcvykfkr2kjsbbq16br-libxext-1.3.7.drv
  /nix/store/igmrn1n5if41dgfa1lzy5g14rpr67r1v-cairo-1.18.4.drv
  /nix/store/n3avmjjvhi8c9qn0vdv4h3l6qbnd35fq-absolute_gir_path.patch.drv
  /nix/store/3ayx9hrv369xbr26zj7cvnr2hgmsjxkq-gobject-introspection-1.86.0.drv
  /nix/store/sq237naa837dxbgrqc4li60rp6my3gr8-gobject-introspection-wrapped-1.86.0.drv
  /nix/store/v8xg25r47mvjs12h4r47ili4nvg3g5vl-json-glib-1.10.8.drv
  /nix/store/cp9gbqvdxbkahz1crm5nrr5m583w1pzz-audit-4.1.2-unstable-2025-09-06.drv
  /nix/store/xh83w1d0b0xq38ws9x705q729wc293a0-systemd-minimal-libs-259.drv
  /nix/store/nj1zic4swinhi5hawwygbkzck47xpmwc-linux-pam-1.7.1.drv
  /nix/store/844qxbsgmy9ppqgnscrm72wbkks6p4a8-tcb-1.2.drv
  /nix/store/477lkx925b2qwxl923fsmwcjhjfk5zvr-catch2-3.12.0.drv
  /nix/store/g3jhwdr66p834znb9jcqxr4gqw2lx6r7-fmt-12.1.0.drv
  /nix/store/fn3vkvrxja50n74swa9rlybjcrvrpy1f-spdlog-1.17.0.drv
  /nix/store/5jb7lda7fxzw9gf0id67k7pqraa7m9v9-doxygen-1.16.0.drv
  /nix/store/jly48022ymjbzrm1plmbd264zn9n4b0k-libxml2-2.15.1.drv
  /nix/store/khbnz2v5dwx1hwbvg50f1qb4d5g9j9a1-itstool-2.0.7.drv
  /nix/store/yvw25ybbnfh8rp9ld5i2slfhgixsh2vx-cmocka-2.0.1.drv
  /nix/store/3g8w5g581pglc5k6r5phf2llk3rmkc54-shadow-4.19.3.drv
  /nix/store/yfki2y5hlw7pz7jrvml9cq5ri8a7gdkq-fuse-2.9.9.drv
  /nix/store/1kywn4yigqhlqsqk0hibj9f22k5i3xc7-swtpm-0.10.1.drv
  /nix/store/f3pk33xhafvcf2pamrbj898jf8mbhjm8-graphite2-1.3.14.drv
  /nix/store/29zvbs4gcn94bdvwfs4059k29c6glbdc-harfbuzz-12.3.0.drv
  /nix/store/h07zg7yma4smckiykh85jsn411ip64g7-fribidi-1.0.16.drv
  /nix/store/zsf57nlpxcnixv9v10qafyg953yd58qh-fonts.conf.drv
  /nix/store/jbr60dpa9pgzf8fh62k6qwp60q17dlpv-pango-1.57.0.drv
  /nix/store/brlkhcgc4xccz36n1vc4dx1ywp0g7wvi-libice-1.1.2.drv
  /nix/store/j5p3a99b00dcyjs3iy1rrny3acxw19b1-libsm-1.2.6.drv
  /nix/store/9yhww22yn9rcbmj10akbvglprp2g43p2-libxt-1.3.1.drv
  /nix/store/9qpgpzxasjn7bh7nj4m8ih3ly9a4y850-libxpm-3.5.18.drv
  /nix/store/6vczzdmck9b3isqgd80vsjccxzcik5hv-libyuv-1908.drv
  /nix/store/85lbhf0fw81sb1x5i7i4gdr6yfq8xacw-gdk-pixbuf-2.44.5.drv
  /nix/store/n8lrhd93jmn7kx1ijrg71q0y8gzz1dh8-xxHash-0.8.3.drv
  /nix/store/j0fl7filqgs7pzvazbaca4wd0vqhkdjn-dav1d-1.5.3.drv
  /nix/store/985gc9k61dczdc2brnf7vlk65nk1gmm7-libvmaf-3.0.0.drv
  /nix/store/j4x94m704n3ya9pi0qbcqr7c18ma52pc-libaom-3.12.1.drv
  /nix/store/sy5jq9pp9n7ns3bqm0xlgbhkqndgck61-libwebp-1.6.0.drv
  /nix/store/k4yxs5p943z6sqb16k3k2939ppln75ay-libavif-1.3.0.drv
  /nix/store/v7byvi57jn8w2b7f3hc40nbq07bb336k-gd-2.3.3.drv
  /nix/store/zhgsnz2pw216v7rw70fi3fh2svhjcgfk-gts-0.7.6.drv
  /nix/store/44gmckcj0ypm8pvqk7f9nd536zpmjf8b-graphviz-12.2.1.drv
  /nix/store/7qx0a4zhzs0grmlvh621gjrglqwcjv3j-mscgen-0.20.drv
  /nix/store/2vfpy8hscx5nva0zh66p4cx016pp8bcw-libnl-3.12.0.drv
  /nix/store/zhcky2yammvr95vlfyq4kvjwbjga2zai-libpcap-1.10.6.drv
  /nix/store/rqz1asy62zmifpihsj5jqall7iiblz5k-iptables-1.8.11.drv
  /nix/store/5gsv5sshy0ds2s7rwcli5afp1zvwvrkd-iproute2-6.18.0.drv
  /nix/store/nwzl8ncpsxzxmxx7w4a71skn5pr900a1-procps-4.0.6.drv
  /nix/store/0dd66bxhkj326ckg4hsdmcfq4bmyd1y8-tpm2-tss-4.1.3.drv
  /nix/store/1yw7d4pmvgnyi5vd44zxga8q9aqcmfjf-libcbor-0.13.0.drv
  /nix/store/fhyzl8z167fs3k61qgf7inq4z06jv4va-libapparmor-4.1.3.drv
  /nix/store/kfn00sf0g0cf15kcwfyjz5yga65h56r7-crossfile.ini.drv
  /nix/store/n1a6gpmgjqgk2fvx94d78bnj3g7vn5m3-dbus-1.16.2.drv
  /nix/store/8skssmwx42avwwqhmd015qzv694vcz9p-pcsclite-2.4.1.drv
  /nix/store/3ksyapx60qiba0g85qqpxmizs48v3xfn-libfido2-1.16.0.drv
  /nix/store/52lizaf37ybc7nkm7qyr9g4nhgc6jdf5-python3-3.13.12-env.drv
  /nix/store/av2mc29mbsdh3aaxc7g9d07w6bibh2zs-bpftools-6.18.7.drv
  /nix/store/c6ggfh3zb0cjhaihyj1ksami2fyc3f7n-kbd-2.9.0.drv
  /nix/store/b5y6zq78qxdpxiw6wim58sfh7mgkqr6a-lvm2-2.03.38.drv
  /nix/store/ghw2170vqml5rg8gw7jbl8702q7kjyp0-cryptsetup-2.8.4.drv
  /nix/store/aq4j0xnmyg65dmh0lr744x7yp1i6sbak-cracklib-2.10.3.drv
  /nix/store/msdw7d99aihdk0px07g8m3rsjjq9jw52-libpwquality-1.4.5.drv
  /nix/store/nnr5yf69w8iql7h094dxi7rrv1cr70vh-lz4-1.10.0.drv
  /nix/store/67nciqvx30gs6rw0w9d890dl5sk6ign9-systemd-259.drv
  /nix/store/and7gn40nbf1kxgviff4m1pz5b27s0mx-persistence-mount-file.drv
  /nix/store/5b35r4yfvwg7h8lc57aj120s2inl6sd1-opensp-1.5.2.drv
  /nix/store/sjhrw8l8jncvxzvl0fzdxpjyrh3fixnf-perl5.42.0-po4a-0.73.drv
  /nix/store/srkzb7l8pgl6bxlav87r3jyg7ahqcpd5-util-linux-2.41.3.drv
  /nix/store/09rcnn88bxzs6kvswavx6xj15plfqs0s-unit-persist-state-etc-ssh-ssh_host_ed25519_key.pub.service.drv
  /nix/store/2v4wyv82c41n69n1a8nn6bp5bbg0yp3r-readline-8.3p3.drv
  /nix/store/w1gihj607n75ik92hkgviqml9hsj2iw2-python3-3.13.12.drv
  /nix/store/2hd43adj105axb17pylxa9rqm47qxz2j-wrap-python-hook.drv
  /nix/store/6xspj167991padv9z38x31zzfr756fq3-python-imports-check-hook.sh.drv
  /nix/store/a3mlqhn4r1pswlvyrdd2451adcyq3kl7-python3.13-bootstrap-flit-core-3.12.0.drv
  /nix/store/vryvmsgr1s19qal832zg03yswylq46ad-python3.13-bootstrap-installer-0.7.0.drv
  /nix/store/1jw08a7j9m902985757bfxydc82p7bxa-pypa-install-hook.drv
  /nix/store/hvi2a4zcqrn1z1a4hgykp8ilzs9smrrn-python3.13-bootstrap-pyproject-hooks-1.2.0.drv
  /nix/store/vvfjjxbiqi1vla661f5nqkr1p7ivlxw5-python3.13-bootstrap-tomli-2.4.0.drv
  /nix/store/w8qccjkbk4k8wkdfxkysk0v3pyshgka2-python3.13-bootstrap-packaging-25.0.drv
  /nix/store/cmck4rc2is8v9654m53rc6xalsxp93kr-python3.13-bootstrap-build-1.4.0.drv
  /nix/store/dz8562k76aswqpizfsllm2j7wng0jvvb-pypa-build-hook.sh.drv
  /nix/store/jdr64l06jkciijxbdb8chhb4rbkvq0jr-python3.13-bootstrap-packaging-25.0.drv
  /nix/store/fhi5algf3dr57bw73fgl13cdpzhm8shc-python-runtime-deps-check-hook.sh.drv
  /nix/store/c55lpwy98kb0dwpmrg6dpgg4k8xsz3i7-python3.13-flit-core-3.12.0.drv
  /nix/store/b0qsy7bk2y9428ybpi3h65sdk4ksqq0y-python3.13-installer-0.7.0.drv
  /nix/store/sm3pblpkx3rsna9x320j0rd0qnfvchki-pypa-install-hook.drv
  /nix/store/ap64ld0nyd09f3mnn3v5blyvkyn1msm1-python3.13-packaging-25.0.drv
  /nix/store/0a21500j5rj6k6khxqhkzw175f03f115-python-runtime-deps-check-hook.sh.drv
  /nix/store/0ap3m9vla48lf464hhv9qgvb902s987i-unit-user-runtime-dir-.service.drv
  /nix/store/1avq8v0lxzjlmlqvj24yqf6hpgqx8mnw-base-orphans-0.9.4.drv
  /nix/store/9iwsl22zkzsc4avq3yrwwm1ng3wx60sm-transformers-base-0.4.6.drv
  /nix/store/ffi3syqdcasrl1x9lwqx6dvqagzrdwdx-StateVar-1.2.2.drv
  /nix/store/0w5k4qv0lf2mzzq8b3rvx41wln8bsbp8-contravariant-1.5.6.drv
  /nix/store/jmb89zamj8mzynky1r9i4i3z1ma7schp-assoc-1.1.1.drv
  /nix/store/m7av2l4ycbi8samsvrwln8pa579lzkb6-tagged-0.8.9.drv
  /nix/store/n8m91lyx5v05yg13ycs2mhkvn8vfi4x4-th-abstraction-0.7.2.0.drv
  /nix/store/iv3123mw2n4slssapr48y9fa0176m3dg-indexed-traversable-0.1.4.drv
  /nix/store/3qh1r6flrggmmpsnxpc1qgrx8i1y4lnq-generic-deriving-1.14.7.drv
  /nix/store/y6khz3p99kblwq17w3fqbjyak2mldgm6-distributive-0.6.3.drv
  /nix/store/q2b1yajd3vwxapsqcr72lrav1x54cbfa-comonad-5.0.10.drv
  /nix/store/1kqw0pd2fk4iqmy2zxxq2rynnifymggy-bifunctors-5.6.3.drv
  /nix/store/0y4mqya39qalinn1z57r2ynrs707kb5m-primitive-0.9.1.0.drv
  /nix/store/83k628pfik7q98ibnbfv3jabk0v0s19a-prettyprinter-1.7.1.drv
  /nix/store/2isglal58jmjmdvdh2g52mmpyhgi1map-prettyprinter-ansi-terminal-1.1.3.drv
  /nix/store/5zd785vg6f807liazgn3b3dx9lcxqn04-optparse-applicative-0.18.1.0.drv
  /nix/store/3q7w20bblrl9lapi2krdfa803spc25rs-tasty-1.5.3.drv
  /nix/store/hpy8ziva5l6gi7sq6dzald5g90bgy2ix-tasty-quickcheck-0.11.1.drv
  /nix/store/ikrgw8f0w09n3ya932sd5nx3in57m4fr-tasty-hunit-0.10.2.drv
  /nix/store/6b9z4nx63p3lw5xcrzig8a31nsfbdrjj-hashable-1.5.1.0.drv
  /nix/store/48x6y3kbd8chcg13i5ggdksz42bn9ks3-syb-0.7.2.4.drv
  /nix/store/c74qx9d81d0r1irqvsv2jyk6gy9981kv-ChasingBottoms-1.3.1.17.drv
  /nix/store/321nwhcywlnb498zlj31dc2jzhbmcf45-wherefrom-compat-0.1.1.1.drv
  /nix/store/0clllqaiis5f4aj5h1dxhj9h42p50lsz-vector-stream-0.1.0.1.drv
  /nix/store/psfx03ka7dz0sqkrahj3flc8idhzq05v-inspection-testing-0.6.3.drv
  /nix/store/36nmrl43m3n77rml6zi0piwlcrcaw2zd-tasty-inspection-testing-0.2.1.drv
  /nix/store/3gbk0rkh8y0kvfmjrl45ryvvbfqfxy7q-code-page-0.2.1.drv
  /nix/store/k1fq7i9v6bp0bbsqj3pmxy98vhsanavg-ghc-paths-0.1.0.12.drv
  /nix/store/szlls5kgxx5j711ihhyh9pr0plisfcdp-doctest-0.24.3.drv
  /nix/store/5qh9xpchl9ahrnmn26a3bg3afqzh90qc-vector-0.13.2.0.drv
  /nix/store/i2ivfdn0w8226lpdamw86ykr36sjmivl-nothunks-0.3.1.drv
  /nix/store/ysq5aphj2gnsb9xpqz8vsnbfrk2m162y-unordered-containers-0.2.20.1.drv
  /nix/store/icydrnph7v3vacl1iwk1yvc1fcp0hkf7-semigroupoids-6.0.2.drv
  /nix/store/kmiqyfr1gmp9j376vmsc90x42sq58078-profunctors-5.6.3.drv
  /nix/store/0c3mgllf1m9ian1p9mzxq87lj33q0a5b-free-5.2.drv
  /nix/store/fnpc4rpn996bb9f2ayk58mg8cr5sjfs6-rsync-3.4.1.drv
  /nix/store/bs1d2hi0f5qjrxli5rraqdibap3dvvm0-libipt-2.1.2.drv
  /nix/store/hv76q4nr94nh2rdn9m0fxl1s71rd18s6-gdb-17.1.drv
  /nix/store/pvzaam7da3ndsr5svlhb8cr3bck1n50y-valgrind-3.26.0.drv
  /nix/store/h3wj0n70aqpchpf5556v4735h31ypd48-php-8.4.18.drv
  /nix/store/3qbpdi8v2m7gbrxvc6xfrf6c490c93kj-php-pdo-8.4.18.drv
  /nix/store/0dql6hppzng0har7wsqanv93q2sai501-php-pdo_sqlite-8.4.18.drv
  /nix/store/asf813zqwh7d6g8g09y6dsd3bwnj3wz0-doctest-2.4.12.drv
  /nix/store/xayadgz8w9bv744h00i8q89s4a1hj4vz-nlohmann_json-3.12.0.drv
  /nix/store/0f34ji6xhfa9h5bakr3028jdjzrl6hy9-toml11-4.4.0.drv
  /nix/store/gamn9sqcyrhdh023jv2mickylzh14sxk-jailbreak-cabal-1.4.1.drv
  /nix/store/ypkz295c5iw62ngqi0flz4l33i731ams-old-locale-1.0.0.7.drv
  /nix/store/x2lp422y128yq9lc2chm0jflcflhicp4-hourglass-0.2.12.drv
  /nix/store/qmqwmqaralz4ddlb9zdv9m89334pkkdq-basement-0.0.16.drv
  /nix/store/l4bmrvzj7039ganplfbarad4i904gs4n-foundation-0.0.30.drv
  /nix/store/zkkij4r3c32k9vdm7adff070k6d4s3g1-memory-0.18.0.drv
  /nix/store/4jh94k0ai0l1jxq432w66ci84axd91js-asn1-types-0.3.4.drv
  /nix/store/rxrx8gf6dyszxdcw2qp88kln07pzh72c-asn1-encoding-0.9.6.drv
  /nix/store/bjiih7gyhcnkqy23r6ab7k2v5ivjjyah-asn1-parse-0.9.5.drv
  /nix/store/s2xdlzq3ddinzm3zyj8rfl62k37pg4wb-tasty-kat-0.0.3.drv
  /nix/store/ff97qxcngpwzh88i1py7451cpl3xx437-crypton-1.0.5.drv
  /nix/store/4z9yc5scawnxksaajqmhsi4vwwxn85mr-xml-1.3.14.drv
  /nix/store/3wbyfpmprwyv4rvbzh22vz31fkxiprl1-prettyprinter-compat-ansi-wl-pprint-1.0.2.drv
  /nix/store/c1sb5hyd5cvxz9jq27c6xssbd8yqkbw1-ansi-wl-pprint-1.0.2.drv
  /nix/store/lbmcpyn16q283xj5p40gyd3lfpb0dwb7-regex-base-0.94.0.3.drv
  /nix/store/xsln55k762phv8r3fdhfygk829ihkcha-regex-posix-0.96.0.2.drv
  /nix/store/zla8634yaf97bz5vmvh437fgk3bgk9lb-hostname-1.0.drv
  /nix/store/p953cajb345m3q7gv0hmk6dq7cl0wra6-test-framework-0.8.2.3.drv
  /nix/store/7kimzk8480rnlv8177gj1xik5hhhgvj0-test-framework-quickcheck2-0.3.0.7.drv
  /nix/store/p03yn8fvj7cghz7m1gh3hlp8j0l8qsbw-test-framework-hunit-0.3.0.3.drv
  /nix/store/xg4p8zdf9db3wmcvw5ihgznqgklqhmbv-pem-0.2.4.drv
  /nix/store/0fh5vsvdyskxrvdib4825xlq2hnpi15h-crypton-x509-1.7.7.drv
  /nix/store/s8mpv1q28wyy7dywnzhky0lc4j1bw4s7-lcms2-2.18.drv
  /nix/store/0gljx2nq4gmnfmdziq0w0vfg4rnd6h75-openjpeg-2.5.4.drv
  /nix/store/21iy9fc2fk4hmdrhgjd9d05ckcqwphms-system-path.drv
  /nix/store/0h7glxy90pf9vs6pnk88zq32adqjkadl-dbus-1.drv
  /nix/store/1s1wh276hd4pn1qvjvbd48mbhyvvjlbj-ctestCheckHook.drv
  /nix/store/kyy8lwn7ping075hy600kfvqmd9d6vll-pciutils-3.14.0.drv
  /nix/store/cnb0ji1szzzdj9y47xa3rmax51sddg64-hwloc-2.12.2.drv
  /nix/store/5mdwwmb31xbf1cwh00w2wsl1c5dlvrhl-onetbb-2022.3.0.drv
  /nix/store/yahghgchrjslpg74g4pq34xiayw4dixb-libblake3-1.8.3.drv
  /nix/store/l8dm0vl76sahljx3jhv31sfki9bpghnw-nix-util-2.31.3.drv
  /nix/store/0ja04z3pi6dx96irydavdkxxzfd8cr48-s2n-tls-1.6.4.drv
  /nix/store/365qwsir8l3qvqcsvlw98j7xwgxka46d-aws-c-common-0.12.4.drv
  /nix/store/l6744jq3vhiba39b5n77gg5wxvdr6bxq-aws-c-cal-0.9.2.drv
  /nix/store/6i71drjwcyifnid9v719m273la1kkjwb-aws-c-io-0.22.0.drv
  /nix/store/8w9n2l9rwg4067k9gr7x909qfrxgmyb8-aws-checksums-0.2.7.drv
  /nix/store/zvsgvcxfs196cgm99q65w9j4f6cxzfhg-aws-c-compression-0.3.1.drv
  /nix/store/kqpx0vgb8m33qwsrrbnb0g7r6qsa1wp0-aws-c-http-0.10.4.drv
  /nix/store/hb2r4w3hig1ba4p3mnfaia9azgswiyrm-aws-c-mqtt-0.13.3.drv
  /nix/store/iykbvphks5sbd098zrjvwf51d6f9ck0b-aws-c-event-stream-0.5.7.drv
  /nix/store/a2xzifff4rfp1jdg5s2x3wk0mf9h1y1k-aws-c-sdkutils-0.2.4.drv
  /nix/store/z0k8h0pxg9dgjpwbmc9kbzygn8jam4nv-aws-c-auth-0.9.1.drv
  /nix/store/p6b46488r34i1cdn8wil3syikjxixcr9-aws-c-s3-0.8.7.drv
  /nix/store/vmv6ivr02ydz25jh7jq6p0lp0ccnwa49-aws-crt-cpp-0.34.3.drv
  /nix/store/rj1jyg8fbphhifnb639iv4qg7k4c39nx-aws-sdk-cpp-1.11.647.drv
  /nix/store/wqw59fvfdp606nqzmfzk3w7d0zqdfs22-nix-store-2.31.3.drv
  /nix/store/bfk9bqxmkzjaqpw89646r28gdhhpjwph-libgit2-1.9.2.drv
  /nix/store/z27v16ihic7v4v9zv0kpdrbnvda96sv4-nix-fetchers-2.31.3.drv
  /nix/store/9ijlv0wnkr9h518x0p3x22zj9w3vm6wx-nix-expr-2.31.3.drv
  /nix/store/15dw200rykfdvay284pym7p1q1cralkl-nix-main-2.31.3.drv
  /nix/store/8dw8xjilgd0wg2jz1hn3d6h8s5fb91zv-nix-util-c-2.31.3.drv
  /nix/store/nsm1brskhj6gcn14sxwrp8l6rjjhbb33-rapidcheck-0-unstable-2023-12-14.drv
  /nix/store/m5bdcv8bi8n6651dcs5gwcwlj5nkmi9r-nix-util-test-support-2.31.3.drv
  /nix/store/raly8dq81gjnj1rk1fk31zgn3190qjba-nix-store-c-2.31.3.drv
  /nix/store/0xrs609xwc56gsqj9p3r2avyn9vryc8v-nix-store-test-support-2.31.3.drv
  /nix/store/wl4559i01grpk4ldlld42v0270rwlx46-nix-expr-c-2.31.3.drv
  /nix/store/8h3svxg42082l8bsj5qc9zwlyw4bvrkd-nix-util-test-support-2.31.3.drv
  /nix/store/51jrkx3q9mkcjvsaw5b0khwjx03kqv0q-nix-expr-tests-2.31.3.drv
  /nix/store/1kacss1rjmak933l8vzxwxd7zk5v1la5-nix-expr-tests-run.drv
  /nix/store/8afa64blnv12dxnmdik7nv5aikyqxmzs-bc-1.08.2.drv
  /nix/store/g58mgnqjiryizpmh8nwbr79cwwn9r842-bmake-20251111.drv
  /nix/store/91whs7l5wyaflzb4cxjyfhp1lj3ig1fm-lowdown-2.0.4.drv
  /nix/store/kxbl1ym3iz8ccf1ij7qszf9q6kzh5qs7-nix-flake-2.31.3.drv
  /nix/store/lnsv8nmdp00rwzv27ly6md7q5ygzxv86-nix-cmd-2.31.3.drv
  /nix/store/2z8qkbd28srfkxvn1s3cgdpfjvi02ag0-nix-2.31.3.drv
  /nix/store/75xvpy517lm4gdr5ik7f4bg4p3rlcwww-catch2-2.13.10.drv
  /nix/store/8sxy2c4in90qh5wnmy3pra4lqljy0n35-pybind11-setup-hook.drv
  /nix/store/dyngz6ivjysyi741xkpmpy0bnbs2hqa2-python3.13-scikit-build-core-0.11.6.drv
  /nix/store/gd2zy1f4qd14h19kbh666kah6pannrwj-python3.13-cmake-4.1.2.drv
  /nix/store/ln830af4hlys2slf7qaghzyciapby18k-python3.13-ninja-1.13.2.drv
  /nix/store/67r3wpcmd9g72sha3vjwfyrrvspmcq97-python3.13-sortedcontainers-2.4.0.drv
  /nix/store/1fph3yczg5lqqimbpjdjg3vgvyi82v8b-python3.13-hypothesis-6.150.2.drv
  /nix/store/1rv60q2b0hmn714gmpig2j0jg3a7dz55-liblapack-3.12.1.drv
  /nix/store/5jxpdysfn6hx03kv4k7rbgqdim2q9234-blas-3.drv
  /nix/store/b4avdbqi01b748s89g75rd0v6rilnmq0-lapack-3.drv
  /nix/store/83y007nwfsxl43by6vxl83dq8hlwi1sm-python3.13-pyproject-metadata-0.10.0.drv
  /nix/store/pdpwlgkgv2wfjnl2ip8831x9ck9jfkbg-meson-1.10.1.drv
  /nix/store/nm6rzqczqvc6hahnhaclhjhp65kd9bhr-python3.13-meson-python-0.19.0.drv
  /nix/store/rcwwcb3zn39z27l12a8fhd76iaqsrz14-site.cfg.drv
  /nix/store/lr7xlk7yja9r06rrw2pqglcwln88ynny-python3.13-numpy-2.4.2.drv
  /nix/store/wcdqyw7sgcafs9a3v96sirpg43pbph2p-boost-1.89.0.drv
  /nix/store/wwqb0ilcwzi922hy7xxlzg4zpj0niczx-eigen-3.4.1.drv
  /nix/store/b9xc062zsa2vm244ilsf6rinbp2b4714-python3.13-pybind11-3.0.1.drv
  /nix/store/3n1bds68ka4p79vx8ac27nlhk94n9388-abseil-cpp-20250814.1.drv
  /nix/store/i8j8fhwsjg9fbw2cbw0psa3k8n5sryyr-re2-2025-08-12.drv
  /nix/store/7w80smmxvk2m23vm5idc5c2qjd4z43vd-python3.13-google-re2-1.1.20251105.drv
  /nix/store/fpp54yv00n6ma8snn27jdhcydsa7m1a7-mercurial-7.1.2-vendor.drv
  /nix/store/kasv0s3h4nyxvrg4dxbx7dwh8xxnl97g-python3.13-sphinx-issues-5.0.1.drv
  /nix/store/q66pscayz3sz2v8q69izyhq9j65ixxqd-python3.13-pip-25.3.drv
  /nix/store/aczq1k8khqhq610dk759gyz8878vs0x5-mercurial-7.1.2.drv
  /nix/store/gf65i1achpm4mpdq77cm2r7cf8705qz2-perl5.42.0-Mozilla-CA-20230821.drv
  /nix/store/64s8dmhhayp9f4nvs7gj8f3rd6cxw5j1-perl5.42.0-IO-Socket-SSL-2.083.drv
  /nix/store/9l487rb9jwa0j4gv4c0nxp8z69iyi6v9-docbook2X-0.8.8.drv
  /nix/store/lqihr6313l48h6m62kvk7aibqr5prb5d-perl5.42.0-Net-SMTP-SSL-1.04.drv
  /nix/store/r0icfsd6dh16xxh8hbgl8fay2fgx5yb8-git-2.53.0.drv
  /nix/store/2xaj16avjn6qcpz0j2a1nyrp0h0x7fhh-nix-functional-tests-2.31.3.drv
  /nix/store/30i238yiy3lv9hinrw9vg8ay77s63xlk-nix-perl-2.31.3.drv
  /nix/store/38n4xn2bn5nwgy4l9f5hizffzd725k8f-nix-fetchers-c-2.31.3.drv
  /nix/store/l58nlng2lcn9ypd2q8n279c8f1g7q0sg-nix-util-tests-2.31.3.drv
  /nix/store/8gs19y2zlsl7g6wlyhk5aka3dbwi3xl2-nix-util-tests-run.drv
  /nix/store/dsnp0dgj0f5inln8msqyyqbgmxgrf27c-nix-main-c-2.31.3.drv
  /nix/store/dzyyx1in8vd8208fv3iykwlfr1g07qg2-nix-flake-c-2.31.3.drv
  /nix/store/fcx6f1jqs1zdn893w1z82gx2dxhqn4hk-nix-fetchers-tests-2.31.3.drv
  /nix/store/gmi7zl1cvldkxz1mgnkl9v6650iyy3p3-nix-fetchers-tests-run.drv
  /nix/store/9w41pk8gk3sddqrzm7igx7ppr56vvw1r-nix-store-tests-2.31.3.drv
  /nix/store/hfyfqmwvz712cvdpg8bimrxjzrsjg3ib-nix-store-tests-run.drv
  /nix/store/f15b33b2ksgqxgx9s7v1f5nfl5cap7rv-mdbook-0.5.2-vendor.drv
  /nix/store/d49zgliljdnavwha1y85lzv3za53yn45-mdbook-0.5.2.drv
  /nix/store/rng3wqbv1fg4hawq6gpwnr7dw24j1a78-nix-manual-2.31.3.drv
  /nix/store/xff79q0n7hx905j1bjhxb9c0nknyjdc2-nix-flake-tests-2.31.3.drv
  /nix/store/wp9jx8lr899rnj3rgk1dl9xg287h164v-nix-flake-tests-run.drv
  /nix/store/25z28x699w857pd0v89v521skzygq0wk-nix-2.31.3.drv
  /nix/store/ir058mp9d09pzmp32r4m3ws2bhqk1pyq-fgl-5.8.3.0.drv
  /nix/store/109zn6bclcr9ijrryc4h2w21cnz6712n-integer-logarithms-1.0.5.drv
  /nix/store/wxm3ifkqs7k53x0cp6w5argvkbwkc28n-th-compat-0.1.7.drv
  /nix/store/1831c03jwysrfv30ykcasp9ry0v55wlz-network-uri-2.6.4.2.drv
  /nix/store/1blqg7by2yscx9aaawl0kins1h1ywp3i-dlist-1.0.drv
  /nix/store/1yizdf8k3f1vszc2h54507vwqfhjpb0s-time-compat-1.9.8.drv
  /nix/store/2066nzlcipc6yizig5lx24g863dlhl7y-generically-0.1.1.drv
  /nix/store/4lff2l4pfizm8zimy8h1c8skqjblzjmb-these-1.2.1.drv
  /nix/store/8j0fdkgxrx8n0vc9j5a4vllwmjwjjf2q-integer-conversion-0.1.1.drv
  /nix/store/9p0x6y3gj7kcwj4j7dwnba0b5drvhqhv-text-short-0.1.6.1.drv
  /nix/store/2pjhj5dgqg6xfnr01hgi9fhz5jgcq93p-async-2.2.6.drv
  /nix/store/aq6hp8pbw1h8p9r01zxmvd3clnwi2klx-base64-bytestring-1.2.1.0.drv
  /nix/store/kx97z839y2zigpfl8w0r9swxxb8cx1vv-unliftio-core-0.2.1.0.drv
  /nix/store/r641068rp1j3hdjk1dfxl7l1hacbx7vj-typed-process-0.2.13.0.drv
  /nix/store/f39nna0f84ff7i4kvd28rx6xm25q9qa6-tasty-golden-2.3.5.drv
  /nix/store/fbrsw19dn69npyh7ab5iakbf4jy4hjp1-strict-0.5.1.drv
  /nix/store/gbg7wjk37j822gla70cy26d383xqva3p-OneTuple-0.4.2.1.drv
  /nix/store/hg4ik4pn0xhrqgzb4s5qp5srrfdb3zqh-case-insensitive-1.2.1.0.drv
  /nix/store/k1qxrvy4cnd8jqvyn513yvz0qq78rqn4-old-time-1.1.0.5.drv
  /nix/store/l2ddxfmgig8b58cv30vqw7nvg1lsnq3i-data-fix-0.3.4.drv
  /nix/store/6p61kspiz64ml6mw3311k0lgb78h3i04-logict-0.8.2.0.drv
  /nix/store/brg5phdnznyh1z7wln1qyh9hk04wb932-smallcheck-1.2.1.1.drv
  /nix/store/55dlskjs9a6bj98r2639hlqmam1vgvrx-tasty-smallcheck-0.8.2.drv
  /nix/store/q91ifdcvvawfpfd6m6ww2gbjfgxjb73j-scientific-0.3.8.1.drv
  /nix/store/ycbg88g24ghwd6mbmlavh2dbiby1f2hq-uuid-types-1.0.6.drv
  /nix/store/ljyhbi2wpnj9kwrm17gp9gxhy8yg1y9l-quickcheck-instances-0.3.33.drv
  /nix/store/i4830y462aq83zcr7vq4wghy8na3h02w-indexed-traversable-instances-0.1.2.drv
  /nix/store/jl2askl9nmw3rqpsbz008caavj6hji5m-witherable-0.5.drv
  /nix/store/k9izc55xdibvv60sk472pawaal4np3fz-text-iso8601-0.1.1.drv
  /nix/store/qjl4rn08swsvm2yjq4bn7dmh1y5axdjx-base16-bytestring-1.0.2.0.drv
  /nix/store/vyha3y152vgxr4sijmfzp6p3jm9m12d7-Diff-1.0.2.drv
  /nix/store/wlv05qzs782vs54ar8f2ppgfgi11465s-semialign-1.3.1.drv
  /nix/store/zw1bdsk20vjv4x1h0xcl81d4pw32rrkz-character-ps-0.1.drv
  /nix/store/j3892mgql4cdd6wh1bl110bs6arfkz3c-aeson-2.2.3.0.drv
  /nix/store/6ixza21xmy1zyhgznbf4n7bdaskaah4v-utf8-string-1.0.2.drv
  /nix/store/pnx111nwv6faxwfcqd1dbj877flbifa8-clock-0.8.4.drv
  /nix/store/lgickaxm579ajm0zxq04ih9xgiacmmsj-extra-1.8.1.drv
  /nix/store/8swcdgij7bhaizrvvx5i33rvpkd10dlb-ghc-exactprint-1.10.0.0.drv
  /nix/store/s5g0bw87725g4d8wp9b9kn9knhfjb0ax-setenv-0.1.1.3.drv
  /nix/store/vzf7w8nwvv0cbldrrs4zdwg7cjivkzdi-Glob-0.10.2.drv
  /nix/store/aqfczzrds5zvnjcps3zvzwyyizb1fx64-doctest-parallel-0.4.drv
  /nix/store/yqm5pp5q5bfx18rzwbmgcan5s7hkbmwv-regex-tdfa-1.3.2.5.drv
  /nix/store/6qd027z1f4fjxjjdjfchanq415m2vjc7-ShellCheck-0.11.0.drv
  /nix/store/vymhjpqvsvb1lqd7bhm62aivnv7pihfw-nixos-container.drv
  /nix/store/3h44whkvxd5gfxmw73mh7z2789hbm1c5-unit-script-container_intranet-monitoring-start.drv
  /nix/store/b9rcc9gr64gjlj1f12w8dd76piixfyds-unit-script-container_intranet-monitoring-post-start.drv
  /nix/store/ci6fhgch8shxbapzjzq3xlzbjlibl0h6-unit-script-container_intranet-monitoring-pre-start.drv
  /nix/store/f9bxaa133kyw3ilpcp0lij35hfq8wwh6-clippy-1.93.0.drv
  /nix/store/4yyqgyr3ajv5l170igz9pfqc222ivc9v-switch-to-configuration-0.1.0.drv
  /nix/store/5axfkkkjlrxflgcl0fmx303czbrmwb7a-pandoc-types-1.23.1.1.drv
  /nix/store/0lxkyfirxjl5bjajy76blcdcfvsz9ysk-text-conversions-0.3.1.1.drv
  /nix/store/4j2qcqkcyxn2p4wax65lpylwphr6i25f-raw-strings-qq-1.1.drv
  /nix/store/djawf616piqx9k9splrzbnq4ixrr6kyc-libyaml-clib-0.2.5.drv
  /nix/store/nj3d956plnqqsli7i30yrixv2y9s85gn-libyaml-0.1.4.drv
  /nix/store/1ihhzd2dg0hdz25g77p8k6n65g9p6s9q-yaml-0.11.11.2.drv
  /nix/store/dxbwh0hpwrw977cf8clrmincv5g3v18j-skylighting-format-latex-0.1.drv
  /nix/store/iv5fxbvhc7c6qh3dmb9m0h1z3bv4p6r9-skylighting-format-typst-0.1.drv
  /nix/store/sg8dq6xpiinfqp1cxbwyvj8kr8gdphff-skylighting-format-context-0.1.0.2.drv
  /nix/store/sym15rnji8iqmy9ig5m91hn28gi04pn6-skylighting-format-blaze-html-0.1.1.3.drv
  /nix/store/4vdvsnb06a57gwqnc3ziddqchl5w6q5y-skylighting-0.14.7.drv
  /nix/store/ks8a20i3qxy2laxs5rbsys6inm1r9av5-digest-0.0.2.1.drv
  /nix/store/50x68w1izxq90pcjq705il4bznapb3kl-zip-archive-0.4.3.2.drv
  /nix/store/srfggm45rb8ls04sb64v0v6bzd7hz124-emojis-0.1.4.1.drv
  /nix/store/swi36zxf867x6hkik5l0jblk1v4davv6-doclayout-0.5.0.1.drv
  /nix/store/6p03xqy4h5v3z372d60rvrvxj9dh5p6q-doctemplates-0.11.0.1.drv
  /nix/store/sz623ax0q3psg0sxhmgl6ggfxpxc41vc-jailbreak-cabal-1.4.1.drv
  /nix/store/vvh1lx2d63zjnhq3awbpi78bja3rwilx-hourglass-0.2.12.drv
  /nix/store/70afnz1v5lmn9p9zycsx0sa3k5dfaqqk-basement-0.0.16.drv
  /nix/store/nyn8ihfmn0xrr0962g19bpvl2rq7hzy4-foundation-0.0.30.drv
  /nix/store/znw6xqzfdyfx0hq4bh688542cnmywxwr-memory-0.18.0.drv
  /nix/store/s7yahygcn7jchdfb68q14fw3rvxk7d6a-asn1-types-0.3.4.drv
  /nix/store/qmgbxzw988bb4862544s4lysim5vvvqp-asn1-encoding-0.9.6.drv
  /nix/store/51l8zzbdv78wjbvdszn2igvby37myrdd-asn1-parse-0.9.5.drv
  /nix/store/svgb1hv722l9sm9m3f6yzfwbfr1y3zyj-pem-0.2.4.drv
  /nix/store/0l17g97y432ak57g1m4n9cx59drw85w7-tasty-kat-0.0.3.drv
  /nix/store/v6wygg5h4wv9vxf8xlsym9a0mca1v00v-crypton-1.0.5.drv
  /nix/store/bdwvdfidpha9cf1z0dw9kylqyhad2f95-crypton-x509-1.7.7.drv
  /nix/store/mp36dq8w0pszm0a9jwqa5pzvc9y4mhj3-crypton-x509-store-1.6.14.drv
  /nix/store/7i28mvgffr3b3nkl0a40ilc55c87km6g-crypton-x509-system-1.6.8.drv
  /nix/store/82x2zkb7k0s7wy1fh3namqwq20hckvvh-file-embed-0.0.16.0.drv
  /nix/store/8g95lsvyjfgn1d2chr8y2d2xx32xl90h-JuicyPixels-3.3.9.drv
  /nix/store/jvp7rzr7ff792hzwgcc2q20mp6wx7ccs-half-0.3.3.drv
  /nix/store/rpnv2j95nvbcic74ansjk48ycl7wkvxi-cborg-0.2.10.0.drv
  /nix/store/qq0rm2ifb3papfcllqvpr2rn2ipagbfi-serialise-0.2.6.1.drv
  /nix/store/ra3589v8z9j7sp43ichhp9d7xbaad5a4-cereal-0.5.8.3.drv
  /nix/store/vbhsrq3z86zgqnghncy60xylnqn0zfa6-unix-time-0.4.17.drv
  /nix/store/1h38zvidpz4fpj2wjwnnbxgm64ks6axm-appar-0.1.8.drv
  /nix/store/3ncciy9k125n9al93g6ax1h21lr6cmq6-iproute-1.7.15.drv
  /nix/store/wz97fmjscixmlk2v0rx4rinqs3smsqln-crypton-x509-validation-1.6.14.drv
  /nix/store/ay23zrzww0fl7w7cs5qq4mlr0wrg7c6n-tls-2.1.8.drv
  /nix/store/kwiwkrrrg3cw445rl7kz3cpaaq4c14z3-crypton-socks-0.6.2.drv
  /nix/store/aslm7sy8fz8l92770ac358iw4anv63id-crypton-connection-0.4.5.drv
  /nix/store/a2mayzvf0ajg2fpplsjsv30423ba1xy0-microlens-0.4.14.0.drv
  /nix/store/rb0048wymk4j1q0d91lykqjdhmghpwlp-microlens-aeson-2.5.2.drv
  /nix/store/bni1qybqj2bwsksz9xqxkycdhiymfg2x-ipynb-0.2.drv
  /nix/store/n539d4y5m2l9vsksxl8acn2jzi8wlf0p-unicode-data-0.6.0.drv
  /nix/store/wnlq688378lmb5280h21ivgy9dgxx2wz-unicode-transforms-0.4.0.1.drv
  /nix/store/w3wzjkh7b0fgqq6i0527jd5w9qj08gi8-commonmark-0.2.6.1.drv
  /nix/store/xkg987i42rc42r5qr08cp22hzj9g953y-commonmark-extensions-0.2.6.drv
  /nix/store/dqgpdfg12jq76q4qi7hky9aq31bjllph-commonmark-pandoc-0.2.3.drv
  /nix/store/hxsrd4c4lqd3sgdrck3im9i7z81d2v4x-data-default-class-0.2.0.0.drv
  /nix/store/bwldyxww5nzp6s9bww1q8pkwzhj74vwc-cookie-0.5.1.drv
  /nix/store/sqwwvh3h6ffd6vcich44bk2z4irkw4v1-mime-types-0.1.2.1.drv
  /nix/store/qb0fi0bzf2c74wh7ddkcw9q9sxacs4w4-http-client-0.7.19.drv
  /nix/store/ipig0q6qni4h06xg3ali9vq1ghwzw4zc-http-client-tls-0.3.6.4.drv
  /nix/store/dbzv5vdcglvpfyra4v14lyy2hdppl6yn-typst-symbols-0.1.8.1.drv
  /nix/store/ar6rs3b77aawhr53g4q6ald4c910pzq5-alex-3.5.4.0.drv
  /nix/store/rrk4rv8mi8dyj4mci5ah369l37c9qwy4-markdown-unlit-0.6.0.drv
  /nix/store/h3k8h9d6rlzlr8c1m7n5zj13w428jh2l-toml-parser-2.0.2.0.drv
  /nix/store/r7xw9bvsn19kyx6nwgjpvsvhbqvsn0s3-ordered-containers-0.2.4.drv
  /nix/store/fwrpf8akvmsxxp8x6wxkv7pgxlciyfmb-Only-0.1.drv
  /nix/store/wnjlds10im19v5mmxsny9ca18g8kzdac-cassava-0.5.4.1.drv
  /nix/store/jxmikmcclkrpvbi3r9w1i1mp00c6pk6b-typst-0.8.0.2.drv
  /nix/store/l2hcpmjimz7f582qns3hzajjkdr4qyhj-tagsoup-0.14.8.drv
  /nix/store/1srr20y6gda08kdp6i4xqwhc57lca7i4-attoparsec-aeson-2.2.2.0.drv
  /nix/store/jdnyd9w8kafby7sdvp9na0ngsvcyycpy-cmdargs-0.10.22.drv
  /nix/store/ndkkrpwbq8zxv9r3g6anaiczlbhavna9-aeson-pretty-0.8.10.drv
  /nix/store/a72i08brp9y7nl56jck55wnz6k6n83xs-timeit-2.0.drv
  /nix/store/mx6f1c37pcjh1v44q9x381qa3ggy3cdp-uniplate-1.6.13.drv
  /nix/store/iz05zl1i6ln4zipm1ks2yi629ncmhbr0-th-lift-0.8.7.drv
  /nix/store/fa9s9917xwj3czlr6kgd642ibqvxil6p-th-lift-instances-0.1.20.drv
  /nix/store/w03nfhjl94zkyqaksqbyj4b6shbxgv7f-unicode-collation-0.1.3.6.drv
  /nix/store/nxm955d0am8awqs37sdkpw7nv9mkyskm-citeproc-0.9.0.1.drv
  /nix/store/rfvf1ycq2apv0av7nqqwmpbyw5bs4d27-djot-0.1.2.4.drv
  /nix/store/rsk153qcmrlf31wlsi6n6ijlvz010jwy-jira-wiki-markup-1.5.1.drv
  /nix/store/gxsmrbmk86rvgyrzs08iqahm7ba8vpna-charset-0.3.12.drv
  /nix/store/8b6x3rnwakv1yappjkkzjwk5iqq4jfsv-parsers-0.12.12.drv
  /nix/store/1gvna26ibkz386s0ry3xsqrcirqxirpm-fingertree-0.1.6.3.drv
  /nix/store/4ibf5n166n0778qfa9vp0lbnghjzgnw0-reflection-2.1.9.drv
  /nix/store/4ka046jf6yqhmp5fs1iiqwb7ld99ci7z-simple-reflect-0.3.3.drv
  /nix/store/3a0zx8hdmjl88kw11xpbm3h7am1a0xb1-invariant-0.6.5.drv
  /nix/store/hraj77yfniinzchg6azralmq25346mdw-free-5.2.drv
  /nix/store/6izhy4cadkddjqams46hf5a1mych3272-adjunctions-4.4.4.drv
  /nix/store/fgjliif4a1bmbbs011d3s8c3gpbn9jl6-kan-extensions-5.2.8.drv
  /nix/store/z0z3lv11xgx2dz7j4qdcx7r7lhzwbbf7-parallel-3.2.2.0.drv
  /nix/store/m63kf5v132kq8a5hldlnnyw7vaflj53k-lens-5.3.6.drv
  /nix/store/vnz8hqkvqhilzy87h6k75mfwkpw3sd5w-reducers-3.12.5.drv
  /nix/store/pp8axgdkmmv11ihr0203wcamixhh67sr-trifecta-2.1.4.drv
  /nix/store/jwvva46wh2bph3r7j6hv99zzsppz6gch-tree-diff-0.3.4.drv
  /nix/store/s42si4axl10wv866s1vbz77clnp7j9rm-haddock-library-1.11.0.drv
  /nix/store/wj9gzz9jkk20gd020qwi02kpylcx726c-texmath-0.12.10.3.drv
  /nix/store/y492vl77rkx6y45yvkpdb9bjwc1da7c4-gridtables-0.1.1.0.drv
  /nix/store/65pg47cg699vh0c7jg0sygaf37f3mkfk-pandoc-3.7.0.2.drv
  /nix/store/0zl34z6pra7fl2rhh67r19pn93k6b3s2-word8-0.1.3.drv
  /nix/store/yq504x30jpp2iihw4j9yhyd16359ksla-vault-0.3.1.6.drv
  /nix/store/achkk20y6j3qmjjrkfkg0yl271ardb05-wai-3.2.4.drv
  /nix/store/5jfn3qhlvdvnnhpm30g4134hwh9wkwqs-recv-0.1.1.drv
  /nix/store/8nk2bk11frrzfibx17arwi79d8wmf54i-psqueues-0.2.8.3.drv
  /nix/store/v926l263sarsbykaczhr9fppvyf0jljz-pretty-simple-4.1.4.0.drv
  /nix/store/84gy3fklr9g8llh6l6bjj2b6f1b5c44w-network-control-0.1.7.drv
  /nix/store/sbd9li4ii0wpr61cavqk6y29gayl8xvd-network-run-0.4.4.drv
  /nix/store/h9qkwhawnyxxhxna8s9hsrrzdnswklq6-http2-5.3.10.drv
  /nix/store/i1rvpz5b31s0zhwxw6srwzwsshcxgna6-http-date-0.0.11.drv
  /nix/store/1x8kv9jmnl7ljy4gq8i8q2cn8flhv2ap-easy-file-0.2.5.drv
  /nix/store/iikfi3pnj6lbw3m3has4dj53kk7jlilf-simple-sendfile-0.2.32.drv
  /nix/store/mjqllgahl4zwpprmdjzs61kb5s732khx-bsb-http-chunked-0.0.0.4.drv
  /nix/store/bbxa9kkbgx1by34a5ibw4k1szfmq3r2m-warp-3.4.9.drv
  /nix/store/xkgjy2picf2hab9b86xfpkm721r7jidd-monad-parallel-0.8.0.1.drv
  /nix/store/ssh07b2qz1cys4vyj603hfma2dn1pj9y-unix-compat-0.7.4.1.drv
  /nix/store/py6ccdwzyf0l3v1l09givb7n7y9p8h2r-fast-logger-3.2.6.drv
  /nix/store/qym0fihc9z903zh41nh779fl65rzgw7s-wai-logger-2.5.0.drv
  /nix/store/b6zyq37ndcgibw87kg4xwbmgm7qpd2p1-wai-extra-3.1.18.drv
  /nix/store/30db8dhn8zm7im0k396na0qwmc66ls6c-hspec-wai-0.11.1.drv
  /nix/store/7pnh9d4189m3j6ixq5jgvl5yr5mg9y8v-http-api-data-0.6.3.drv
  /nix/store/g84gz8yb2n9qn9agmmqivspgngmdaqxr-sop-core-0.5.0.2.drv
  /nix/store/b9yhlcp1fkrsybskkp8rrlpxy18fw63p-generics-sop-0.5.1.4.drv
  /nix/store/8rvgfpp2vl8naaypdgfqrckcxzqq76fj-some-1.0.6.drv
  /nix/store/pvppwv4m0pj9rpq9knr6s5ybwpdz7g0m-dec-0.0.6.drv
  /nix/store/d0vc48z2i3sk96l1w9mbrxlkg5k8967d-singleton-bool-0.1.8.drv
  /nix/store/ygn1md9j29hcb17qrl2q2x834mvj6p7a-http-media-0.8.1.1.drv
  /nix/store/3c59h4r6asvy2f1kn01lsbz4a8p7lmhg-servant-0.20.3.0.drv
  /nix/store/ilwdma3x86qhpfbrscp40bsji3p0y32k-wai-app-static-3.1.9.drv
  /nix/store/lc459ip9fiz0pg89z9b4mjzggfjgks76-should-not-typecheck-2.1.0.drv
  /nix/store/9dc7v6fiqsdgc1gjiv2pbada493nhmzq-servant-server-0.20.3.0.drv
  /nix/store/q33wncfw9mqsh9b4grafxm2abldlw9vj-base-unicode-symbols-0.2.4.2.drv
  /nix/store/ncrs2i6qkmpb8q2slw39lm007vlc75md-wai-cors-0.2.7.drv
  /nix/store/l4q8wp0y2asgp2hijhwr53pm2p75mgnk-pandoc-server-0.1.0.11.drv
  /nix/store/343r5krlalvdvc3lr43clcdg51zd9cfj-lua-2.3.4.drv
  /nix/store/kribnr2h7ljg7fanpwdxjliql3mjxkj6-lua-arbitrary-1.0.1.2.drv
  /nix/store/z0ak01qzkzdivvccxkjh0yqd6szif2ri-hslua-core-2.3.2.1.drv
  /nix/store/lriv1sccwgfsl2gvxw8xac1da2s1gqh5-tasty-hslua-1.1.1.1.drv
  /nix/store/17s5hnmqv2gkw8ianjvx9d942h3jvb2i-hslua-marshalling-2.3.2.drv
  /nix/store/lb1bjl8gipf5k8aj8wjq4c1mld3dk2aq-isocline-1.0.9.drv
  /nix/store/1qn87ia34ipg2gpbs5vd5r3zy1xksnks-hslua-repl-0.1.2.drv
  /nix/store/s4ac44hzwd9wdpgn9s2y1l6h7i2z5qcf-hslua-cli-1.4.4.drv
  /nix/store/2c7aaixpmaggxkw02f8vd2y96zzspcxs-lpeg-1.1.0.1.drv
  /nix/store/5za3hcxdi3ybnfq0hx8b9x3x4wwrwfzw-hslua-typing-0.1.1.drv
  /nix/store/hvgqfr3v9gs1g37mnp459ypqbdj84np2-hslua-objectorientation-2.3.1.drv
  /nix/store/d25xpgy106gh0ygmhvch34lk05jx8n3g-hslua-packaging-2.3.1.drv
  /nix/store/w2i63mi7mprwh48zqv62ml3lblhc0al5-tasty-lua-1.1.2.drv
  /nix/store/51gx7jj8lqq10h7vqfzgccg3g7xni60x-hslua-module-system-1.1.3.drv
  /nix/store/fmjxr97ps2zrpkdd7m0s6fl7mp6xgbfm-hslua-list-1.1.4.drv
  /nix/store/55lzq779jalw49wf4kgf3zaxbjr7hvd8-hslua-module-zip-1.1.4.drv
  /nix/store/cn3bc5yn4xbw4jgd3vc7yiaam9c4qs9f-hslua-module-version-1.1.1.drv
  /nix/store/2lpl7didvy8kz47j0y9g0v7l88rlbl3n-hslua-classes-2.3.2.drv
  /nix/store/awvzcfh0mmh9y6dai8y9w3i3sayivkny-hslua-aeson-2.3.2.drv
  /nix/store/gscnm94mab2a07m8pfyaqd5q305y4xkk-hslua-2.3.1.drv
  /nix/store/k0scldlz9qzx8x6yj5nqrxlkllbg574d-hslua-module-doclayout-1.2.0.1.drv
  /nix/store/lydh3ajmjm0d1v9dcg2rp9hzggw1n39l-hslua-module-path-1.1.1.drv
  /nix/store/rgmm5kbcrs98hx333wsyssjwg2q6j7zb-hslua-module-text-1.1.1.drv
  /nix/store/x30i3g7362ls4ln2i1wr5b4zbkfjpm75-pandoc-lua-marshal-0.3.2.1.drv
  /nix/store/s4cwhp5bsrnip5dlan150bn6s3di2cig-pandoc-lua-engine-0.4.3.drv
  /nix/store/kf3gxxf734cvbn638w61lgy6cvxfhlv9-pandoc-cli-3.7.0.2.drv
  /nix/store/48cly7dlr8lgx7azbxcxy8qphy44d67i-shellcheck-0.11.0.drv
  /nix/store/87nafn2f93pxlc85gmcv5liagkg7mybs-python3.13-pytest-7.4.4.drv
  /nix/store/2kw5203pgmcy7bqyabxqxqf72gk0sikk-pytest-check-hook.drv
  /nix/store/mwkaaly51q8rj8g7jfbmmzqsn1bkgz8d-python3.13-flaky-3.8.1.drv
  /nix/store/3m504frlmj6r5c3rrv628z2hwrjin3b2-python3.13-coverage-7.13.2.drv
  /nix/store/5d3bpv3fcsn1is1fzh6saddwcppfi9x0-python3.13-docopt-0.6.2.drv
  /nix/store/5w335fzwmrwb4c7dd918kvvbqkc3l730-python3.13-distlib-0.4.0.drv
  /nix/store/6w0ki6493jqzxlpig3j3hzpi5kindb5c-python3.13-appdirs-1.4.4.drv
  /nix/store/fzkbc7lgz81p9534xgbgwqhgvd60mcna-python3.13-platformdirs-4.5.1.drv
  /nix/store/jh02hlibhssls0sx2rh3z8fh4p2dp6bm-python3.13-tokenize-rt-6.2.0.drv
  /nix/store/iv2803vxmkv22y7m1qarka8yxwbbai5m-python3.13-time-machine-3.2.0.drv
  /nix/store/h9i63b2bbc6djvvpzkn0c39izcih0b0v-python3.13-virtualenv-20.36.1.drv
  /nix/store/v95x74w88wwj4p3dn7jv2wlphi9vv2ch-python3.13-pytest-cov-stub-1.0.0.drv
  /nix/store/65lcvifv98kvzdij9jcblm21dxsgiaxy-python3.13-poetry-core-2.3.0.drv
  /nix/store/7pjp2m2r3f7wnl6dg131qd68mc2w94m1-python3.13-sh-2.2.2.drv
  /nix/store/5aqlzb16k3s45z6m1gp5hsx0fym4wg5a-python3.13-types-toml-0.10.8.20240310.drv
  /nix/store/haimkpkd1yqsa1ggzzm61l2wg5pi8nbz-python3.13-types-pyyaml-6.0.12.20250915.drv
  /nix/store/184xdfcap40y7z37nwrxa08advsrnaky-cryptography-46.0.4-vendor.drv
  /nix/store/nzyv5x3c5kvb69r3cbm1xmkmb87hhmwb-maturin-1.11.5-vendor.drv
  /nix/store/6rhh2c0h06i5cfbwgsw68034imsc8w66-maturin-1.11.5.drv
  /nix/store/5a02qj3s4pgsvf5vxxw2087lrfkwsgnk-maturin-build-hook.sh.drv
  /nix/store/p7k7dsshvhm36a8qx1v76cnqjz8flrw6-uv-build-0.10.0-vendor.drv
  /nix/store/72k59iw0aircl9kwx63b1j6ykadfjp28-python3.13-uv-build-0.10.0.drv
  /nix/store/2wk3hvpgf2l4cd0y0li9xppwz1mjxbh1-python3.13-cryptography-vectors-46.0.4.drv
  /nix/store/8x715y11dzbvzjykh7zywb4yi2xn3am4-python3.13-pretend-1.0.9.drv
  /nix/store/hxr1yf9az1r8qkih970y0g5286ghk0gm-setuptools-rust-hook.sh.drv
  /nix/store/zyvdgq5bbfry67x2ad97w3vkshsw1dr4-python3.13-semantic-version-2.10.0.drv
  /nix/store/iy2l0l1ll4ljnp8y5f5zwzgp5l8yfinn-python3.13-setuptools-rust-1.12.0.drv
  /nix/store/xbbl9xp3nma9z6xc6gza1awk37gyc5kw-bcrypt-5.0.0-vendor.drv
  /nix/store/l4gibg2p51n56ysw582fibgq3yx5cwnd-python3.13-bcrypt-5.0.0.drv
  /nix/store/7iivq8vw9a59z142f9y6wv90g1b3402v-python3.13-cryptography-46.0.4.drv
  /nix/store/8kvv292lwpcji267vknn1l2bbl6lnfkm-python3.13-ephemeral-port-reserve-1.1.4.drv
  /nix/store/zmyay94gpdw4iraa7m0dhfjv483ahjbr-python3.13-watchdog-6.0.0.drv
  /nix/store/ydik25pkvc6031hxy1zn8s44bfpcfvnb-python3.13-werkzeug-3.1.5.drv
  /nix/store/vqk34s0xrygcqplw8hamlb1mg3qqz2xx-python3.13-pytest-httpserver-1.1.3.drv
  /nix/store/9a0qyyqbbfr53ialg5hbcmvwcdylblcz-python3.13-responses-0.25.8.drv
  /nix/store/1c6f83pdlmwxv4mfgyck3pld3x319j6b-python3.13-coveralls-4.0.2.drv
  /nix/store/7w4cjlswbw2fh1g3qvnq3wdq97prqnv3-python3.13-testtools-2.7.2.drv
  /nix/store/h4c4x7vww0i1si1abq51sfg371vxzkq0-python3.13-fixtures-4.2.8.drv
  /nix/store/rd9ams3ci6bc3fbdk7d1pzzqpg0rgp5k-python3.13-purl-1.6.drv
  /nix/store/gyg1vmgbp51l0ky7wlzlgpdd1qr0hm1i-python3.13-asgiref-3.11.0.drv
  /nix/store/i3iwp28scbci53b8r8fnd0233d7dkk8v-python3.13-itsdangerous-2.2.0.drv
  /nix/store/q155zkwx2d6zx8xjysjsnwk0qirnhs8z-python3.13-blinker-1.9.0.drv
  /nix/store/5sshfjal1fwmbvaf6p4r989m8jcjrhrf-python3.13-argcomplete-3.6.3.drv
  /nix/store/lc6z7szl0y7qqlm0ws4qmd1nif7m3bgp-python3.13-traitlets-5.14.3.drv
  /nix/store/6aj4jxds02n53zcyb3d9cnn2b6csgwxh-python3.13-matplotlib-inline-0.2.1.drv
  /nix/store/kzizh1z3wxki7k084jyf23wx06b8igx1-python3.13-parso-0.8.5.drv
  /nix/store/9xmlndqsvcf1d8ab75rs4fxv6mjrar50-python3.13-jedi-0.19.2.drv
  /nix/store/zkk3cnjf9mj9ngvs1f4wmc8k9xjm9i7q-python3.13-more-itertools-10.8.0.drv
  /nix/store/d88yznwq9fmsfxjcmwiws6b5ah60ykf2-python3.13-path-17.1.1.drv
  /nix/store/aqraji9zsqv3gibxhzw1y3f0a8jyrsbi-python3.13-pickleshare-0.7.5.drv
  /nix/store/bnciph239jyp6086hfy92484a3l203pc-python3.13-astroid-4.0.3.drv
  /nix/store/2cxc3409xw0xbhpv8wzz026gqlcnsgc5-python3.13-asttokens-3.0.1.drv
  /nix/store/6cyfs812xgjzn0p3kbhnlk482vq4qq4c-python3.13-sphinx-autodoc-typehints-3.6.2.drv
  /nix/store/cy0sjarv3gyjpxln4fa70sna1b168g9n-python3.13-sphinx-hook.drv
  /nix/store/7gkky4kcbbz99rvmha5716ka63b7sacw-python3.13-sphinxcontrib-jquery-4.1.drv
  /nix/store/v23r8jfpi2qbc0g1kny1d7lpdbvdnd86-python3.13-sphinx-rtd-theme-3.1.0.drv
  /nix/store/2p5z2vy1267dz2a08sddjdldz2zhfz6r-python3.13-typeguard-4.4.4.drv
  /nix/store/54xng2lbpy9l4vykia8zg4x40dz995n4-cargo-c-0.10.19-vendor.drv
  /nix/store/a875dyrfrhw78ggs43rrvh55f65ylisa-cargo-c-0.10.19.drv
  /nix/store/6wdqxq0mbdgfzbgwkck9lk18nfdkrd2p-libimagequant-4.4.1.drv
  /nix/store/7vsw0cl36yswyzq0dhx5amjlq6yjsrr4-libraqm-0.10.4.drv
  /nix/store/98fl53ycf5r0wlxbn657xm5r6nwkg3ld-python3.13-olefile-0.47.drv
  /nix/store/lkd1g2azbx3bqpb6hw4xivll0nnlwzvh-python3.13-pillow-12.1.0.drv
  /nix/store/3q3fn9fnb0nhrx3ryyb1m569n2ih4n1l-python3.13-tzdata-2025.3.drv
  /nix/store/q7z38dyx5jl2g62pjlsahdlqpxm98wzc-python3.13-cython-3.1.8.drv
  /nix/store/pv6nnbmyqrdn1biar1hnv9xrg7y8yzc8-python3.13-pandas-2.3.3.drv
  /nix/store/q62f06hlqwjp015dc40ndj57bp4d0s0b-tk-8.6.16.drv
  /nix/store/qkws34ssjdqyw0fi9nrhqz12znz4xkq3-pyproject.toml.drv
  /nix/store/24bkci0zmfnzj6qqiqs2dhjiwlns37z6-libxcb-render-util-0.3.10.drv
  /nix/store/8bih1rm1a9ljw7va1dbnplfggb20qbzi-libglvnd-1.7.0.drv
  /nix/store/k9nz5arydi12g98hlsa4rzv0w27d75ky-libfontenc-1.1.8.drv
  /nix/store/8g4cqxy3inmsqf82lflc54zrlhmsfa2j-libxfont_2-2.0.7.drv
  /nix/store/ixijyqpryiwjkdfs4bl5s8n3l2avpq9i-libxcb-util-0.4.1.drv
  /nix/store/95qbwjvyy7pimqa4la04ngxdr9634dj4-libxcb-image-0.4.1.drv
  /nix/store/f6ji02i2zmrcqllg0wjs0zjr4j5cnj31-libxfixes-6.0.2.drv
  /nix/store/q0bil2m7p99pjwrqw9m745cw0c7h4bq3-libpciaccess-0.18.1.drv
  /nix/store/gcyi8109gn11nzbk77d77b6bm2xjhcbz-libdrm-2.4.131.drv
  /nix/store/hzgbxv4f8ip2pzw2r64b0cj8d1nl96j3-libxcvt-0.1.3.drv
  /nix/store/iqq8raacivnlywdg7jzd88bqdr6yyc27-libxkbfile-1.1.3.drv
  /nix/store/jf88acmkgdh704rp18jlv772xjkb70p6-xkeyboard-config-2.46.drv
  /nix/store/l0pkczzjwwqc3kdmz1wrdcg24xhiz4k1-libxcb-keysyms-0.4.1.drv
  /nix/store/lnaxzm507bl60z88pwj0yrgb5s5npvvw-libxshmfence-1.3.3.drv
  /nix/store/qf3x18xjdf19176wmxy2jnn6yzz4bfp5-xkbcomp-1.5.0.drv
  /nix/store/rnvh0y9hlvs16n1ys4kslz44ha8911cg-libxcb-wm-0.4.2.drv
  /nix/store/cmjfyv242j90n4pa54sl3wn9xfva1zih-xvfb-21.1.21.drv
  /nix/store/c0da1s82dizbv4qqbjzzn7dba7hrpnz8-libxmu-1.3.1.drv
  /nix/store/a7lqx44mhg83jfwlv033zbqiqblr51y7-libxaw-1.0.16.drv
  /nix/store/l6cqmj1m18j8pqx9yx0cd24kbihz1wvi-xterm-406.drv
  /nix/store/7267iz9ax2z8cqlv2k5msxfxz2z43sfc-jbig2dec-0.20.drv
  /nix/store/878n5i533d2lmcqpgkcwp0d4wwllwlxa-avahi-0.8.drv
  /nix/store/bcimir49jsjz6dwvbnhvc4p3mlzpl39i-libusb-1.0.29.drv
  /nix/store/sig3hnrfks6j9zr1q83kbha8d1salhvy-cups-2.4.16.drv
  /nix/store/wldkh1r4sl5sjc0r2giq6z8q8pc0w3ck-ghostscript-with-X-10.06.0.drv
  /nix/store/s4bclqq4jb62swvzmfw53aaz3a1agzj4-fonts.conf.drv
  /nix/store/wqhdpdc68dkr42r1g2m526dhb7sp0w5x-xauth-1.1.5.drv
  /nix/store/qsh3lvh08fjn90qyh1wrmazr18d5pxag-xvfb-run-1+g87f6705.drv
  /nix/store/30h6drv7h16mjx8ng3y39lmcsafddf0f-python3.13-tkinter-3.13.12.drv
  /nix/store/1ksx3kl5viwm88lr9sl9i20r04hx3npl-libopus-1.6.1.drv
  /nix/store/1r6v6f0x3kvxhc6cvm8g42nk0sqzm3la-openapv-0.2.1.0.drv
  /nix/store/2gyncyn7q06322j0mgzjisfsmvik71gg-srt-1.5.4.drv
  /nix/store/k0ij9jq61syqm724y5k94x11ypar02li-libogg-1.3.6.drv
  /nix/store/2ihphgp9a77c5jv62yajf1n1k7vqlgcd-libvorbis-1.3.7.drv
  /nix/store/iafn39w4rq7m4ikd8wfixavhfmihjhyc-mbedtls-3.6.5.drv
  /nix/store/wh18s1fi8d0q9sgr5b8d71yml8asg96r-cjson-1.7.19.drv
  /nix/store/2kdjx8ax79wgl16025sqnk5bqwk2kpyk-librist-0.2.11.drv
  /nix/store/303l01rpd6hkqg716p1ypfg4896jsc9q-libva-minimal-2.23.0.drv
  /nix/store/ayxxnic9cwbqnnzrkp2bspwwp230m1p0-cargo-deps-vendor.drv
  /nix/store/j76fbl3cmpryigbvm7599ir0bbc55s6z-ruby-3.4.8.drv
  /nix/store/rb5mba3f0nriq45nahsb706vb25dj7hf-opencl-headers-2025.07.22.drv
  /nix/store/7h14xzvxxr8z77ig360aqg1wrxcn2561-ocl-icd-2.3.4.drv
  /nix/store/8z0yhikc1cmgiqhillrd29m6vp6825sa-libtheora-1.2.0.drv
  /nix/store/9lbf75ays09fkg4gsrc7x0sd0ryksq4v-libbluray-1.4.0.drv
  /nix/store/bjxsf5lr7g97knzmj2bwwljicp6dqpyw-soxr-0.1.3.drv
  /nix/store/d6h31pr4sfnjbhkqn131v43zbcy75kgj-x265-4.1.drv
  /nix/store/dh1jrjc4x3llij8prclwvp4j8xl6vssd-v4l-utils-1.32.0.drv
  /nix/store/iqm0dx0ahk2d3lm03crjz5s0l2mj56b6-vulkan-headers-1.4.341.0.drv
  /nix/store/r48501n3qdvgs1169pcf74ayb40jgcgy-flac-1.5.0.drv
  /nix/store/ybi9291x4bsb6b3k21jf09mchlx4w6w6-guile-2.2.7.drv
  /nix/store/rhybch3axbbarp9izkk6iamrr91gwhdl-autogen-5.18.16.drv
  /nix/store/jc7m4g3ifh3dwij9xc60qv1q5jmgv5hk-alsa-ucm-conf-1.2.15.1.drv
  /nix/store/z8l2x9myfzpxwv75q8j4ssh3jm69w88i-alsa-lib-1.2.15.1.drv
  /nix/store/imijbsgrakhbdiw13vl3z05wiq8qfbkg-libsndfile-1.2.2.drv
  /nix/store/3fgwbcy2ak8nycdv95p4gczbz1ql31zw-libsamplerate-0.2.2.drv
  /nix/store/l37xdlqyg9mw9b0dq3039bzvk5izj1rp-waf-2.1.9.drv
  /nix/store/ygg5mz4h0bbfk1nz6swb2cmwizg68qlw-waf-setup-hook.drv
  /nix/store/wq1l01rkyvw83575vl3h2ab17nik5679-libjack2-1.9.22.drv
  /nix/store/jpmd6c0qmyg1xgd1a70p68f8cmmj2fd6-portaudio-190700_20210406.drv
  /nix/store/hxiyg26m6vw1p4sv061rcjmldgnaj5vq-libcap-2.77.drv
  /nix/store/4xz8h4dygcbrb6kicw5phrzpwk1d91yn-vala-0.56.18.drv
  /nix/store/p3y3g4m37pg9r4xzyfl58ryvzq00y8xr-dconf-0.49.0.drv
  /nix/store/vh102pfg05yj5v7b5csfjwmwn9g1j8mf-libpulseaudio-17.0.drv
  /nix/store/l3yzx8cjgax58m57zm5av7kh67ar6b01-mpg123-1.33.4.drv
  /nix/store/ksklzn8ryshwbn0drvys54c3gnv26rmf-libopenmpt-0.8.4.drv
  /nix/store/ksqik3dsdq2i10pmr4nfnklliqbv99ji-svt-av1-3.1.2.drv
  /nix/store/mwwf3hcjmfz2a1gsddq3hsbnzs2sqkqi-libssh-0.11.3.drv
  /nix/store/r2q4n3y6s9aa25kwaskva1m5nvwhwwgs-vid.stab-1.1.1-unstable-2025-08-21.drv
  /nix/store/ri5l7kkvzwx3990sh7s75c1mqfgxvk96-libass-0.17.4.drv
  /nix/store/iqfjb6c6vi7hnqymd018pnfgxc48vz26-graphviz-12.2.1.drv
  /nix/store/zjbdh3xlzn33ivfh9fhsmfqa80mhsilk-wayland-scanner-1.24.0.drv
  /nix/store/8216dnb81z15742da06hgl6j3ypy0fw7-wayland-1.24.0.drv
  /nix/store/b5bkq8apmlqypqkgyh4xxixgmg61q5kk-libxrandr-1.5.5.drv
  /nix/store/x4h9syj23gmahmg8691zgj41wiqx4idi-vulkan-loader-1.4.341.0.drv
  /nix/store/51v9kdspns20idb9n021nlwwn4gb2g58-ffmpeg-headless-8.0.1.drv
  /nix/store/70fyp5l4fb5npjbg30ni3iig7ip8n198-python3.13-pkgconfig-1.5.5.drv
  /nix/store/9ph2nsjlj8xzamkaj6x65awf4la18l62-python3.13-brotli-1.2.0.drv
  /nix/store/i5fcwp90xi46qjq78ndg1sr3mpmh57sc-gn-0-unstable-2025-12-01.drv
  /nix/store/fm7k4g1zpw4yy8yi972rrhm4j51crjmb-python3.13-skia-pathops-0.9.1.drv
  /nix/store/r8mhyrl4a1vi3qdwsb98kj4w8vh8kykm-zopfli-1.0.3.drv
  /nix/store/jkksiibzx7cf6y9dqmzah8pf055f8s55-python3.13-zopfli-0.4.0.drv
  /nix/store/ycycvzlx8vcvphzdb39dx04psb4dwg8h-python3.13-uharfbuzz-0.53.2.drv
  /nix/store/5qzf6wa2qnwhhjl8gmyilp811n98n7pz-python3.13-fonttools-4.61.1.drv
  /nix/store/zjdri55dwn5jrrc8xw08pfr92l0yp5h1-python3.13-cppy-1.3.1.drv
  /nix/store/a28l4arv0z0ga7jglsfw739y49dhvr2m-python3.13-kiwisolver-1.4.9.drv
  /nix/store/d58bn2ariyp5sm49iq64pbc7pf20l72j-python3.13-cycler-0.12.1.drv
  /nix/store/hvq0imbqcs5nk32r1vnwrp6iwyzzm8fz-qhull-2020.2.drv
  /nix/store/p4v93scnkgbc07rhg7b6lfnmymw41jvg-python3.13-contourpy-1.3.3.drv
  /nix/store/s7yb1vhzzz85f68lysfwrkcmfj0s1jf7-python3.13-matplotlib-3.10.8.drv
  /nix/store/xv3bfxpjniw917czq5myqvkp8fzgirgz-python3.13-pytest-datadir-1.8.0.drv
  /nix/store/764f2030bf422k6zxrd8ark6m81visdz-python3.13-pytest-regressions-2.9.1.drv
  /nix/store/0nn4mfy0ckif7f1vhg8c3wq852s9zn1q-python3.13-uc-micro-py-1.0.3.drv
  /nix/store/dykyr17p8zly4bdwj56g022ffvwrcsvj-python3.13-linkify-it-py-2.0.3.drv
  /nix/store/ncywlrlaxr3xzj665w0i68jipxfz05nr-python3.13-mdurl-0.1.2.drv
  /nix/store/fbpcclbgqjzrv77md4kszrf5i1i50c9d-python3.13-markdown-it-py-4.0.0.drv
  /nix/store/6zhb95nc75w3kkr8qhqzbd5mkbbs81yk-python3.13-rich-14.2.0.drv
  /nix/store/pgzvkglhj59wimv05nl26l9gwcx7jlgh-python3.13-littleutils-0.2.4.drv
  /nix/store/b0w93sjjzg8byydvdhfrxnda1d5ak8yv-python3.13-executing-2.2.1.drv
  /nix/store/qxv7vcx6namd3vag3j4fk3ihxc76qqf3-python3.13-pure-eval-0.2.3.drv
  /nix/store/hxxvc102520skn7djk8r0y2mdxabdabk-python3.13-stack-data-0.6.3.drv
  /nix/store/916qqlxqpvrm7366x6zkz15fb7m9zfvl-python3.13-wcwidth-0.4.0.drv
  /nix/store/ih7v5g2wkkb2n4fykkvv4v1cnjw49kkk-python3.13-prompt-toolkit-3.0.52.drv
  /nix/store/qfqvp1bzhmx5w51sbq0jzpr0zq77y5aj-python3.13-ipython-pygments-lexers-1.1.1.drv
  /nix/store/w4mb488fs9w962s9yfdhmsyckpmpga5l-python3.13-testpath-0.6.0.drv
  /nix/store/na1hkxr36sh6f5whvnf8ggn5hligz5q2-python3.13-ipython-9.9.0.drv
  /nix/store/q9907ykv6cm9ralc2m4i63gm4b7xxxg8-python3.13-python-dotenv-1.2.1.drv
  /nix/store/97ncnhpkdgkqkx699w0mjqjqmz2d3f1z-python3.13-flask-3.1.2.drv
  /nix/store/3lpm461599nm25pnizlkxd8dz7rcvyip-python3.13-mistune-3.2.0.drv
  /nix/store/pwsrhclgm8n8inm267n5jm676h867mnv-rpds-py-0.30.0-vendor.drv
  /nix/store/s2lg0g10smq0dy3c0a1saxy87vbip9xd-python3.13-rpds-py-0.30.0.drv
  /nix/store/r78vnriljbkx0b5x16bny4xhp6z3k8lr-python3.13-referencing-0.37.0.drv
  /nix/store/32934c84f328py0vv27mi2gdhbbx517p-python3.13-jsonschema-specifications-2025.9.1.drv
  /nix/store/28dfn14rdfa3z2smv7cjcqnk1z5cx8zr-python3.13-ply-3.11.drv
  /nix/store/v1wgg56grw375a67740sh9rcrwhwj4sa-python3.13-jsonpath-ng-1.7.0.drv
  /nix/store/vcqz1a29l73sdg5kgk6xlvhdn2fx10kf-python3.13-hatch-fancy-pypi-readme-25.1.0.drv
  /nix/store/p0yrqdl4ky0jpjzir248cmcrjgr8f6wv-python3.13-jsonschema-4.26.0.drv
  /nix/store/a4p5wszg9x53hagd1kmhy1adn19qrdpp-python3.13-flasgger-0.9.7.1.drv
  /nix/store/rlccix1wdnjsyqn22qi67wa3paq9in2c-python3.13-brotlicffi-1.2.0.0.drv
  /nix/store/xsp95igdqc8d1bmaz8fb7gw4c0p0xf8a-python3.13-httpbin-0.10.2.drv
  /nix/store/hmr0ssv7m89wgqz6lfp4yp8jmzg4dr91-python3.13-pytest-httpbin-2.1.0.drv
  /nix/store/ycjbq6vj27mnywgs90wym4w67sbga863-python3.13-requests-futures-1.0.2.drv
  /nix/store/5wam70alkd30824b9rsma8g0sz0ln11r-python3.13-requests-mock-1.12.1.drv
  /nix/store/janxlvwxwvha71gwwny27hd081l3jjvh-python3.13-types-urllib3-1.26.25.14.drv
  /nix/store/660z5aizi9h6fn46wpij056jz922lhfa-python3.13-types-requests-2.32.4.20260107.drv
  /nix/store/3xij67gwa8j9gyyjsrv0fgx0m18pa9aj-python3.13-tabulate-0.9.0.drv
  /nix/store/k59p0crma1ijii42gdp6bd4ib7apdkpy-python3.13-pdm-backend-2.4.6.drv
  /nix/store/lgidxa48xx8wsmganc9appk1yhlsv5q4-python3.13-annotated-doc-0.0.4.drv
  /nix/store/vam5s2v7v1qmq9r8ihi63vh5l2zzzmxj-python3.13-shellingham-1.5.4.drv
  /nix/store/94kfar9h03l5x001vx04y5z6cj1aiyin-python3.13-typer-0.24.0.drv
  /nix/store/2lc5r4sd2b46y88ar0vypvs5r23bj5s9-python3.13-backports-zstd-1.3.0.drv
  /nix/store/4csr4r3rmfc35gn3j1kacjyjnv4b8f3q-python3.13-zlib-ng-1.0.0.drv
  /nix/store/90zi5xa2jmbqilhm037mycsv1f1b2z1n-python3.13-semver-3.0.4.drv
  /nix/store/nh5p394vf365fi9m7r7sgbj52y8gijbi-python3.13-pytest-codspeed-4.2.0.drv
  /nix/store/qbzkd7ipph5zf2ng80q171q2l2yy91br-python3.13-expandvars-1.1.2.drv
  /nix/store/4m9p1w6ac4d75h2mk2chgrxl31448cr4-python3.13-propcache-0.4.1.drv
  /nix/store/d66v2g9lziwqhbcnimls14z12rngmmvs-hardcode-graphviz-path.patch.drv
  /nix/store/ln1byl86hqdzsvrngx0md202wv8cjg7z-python3.13-objgraph-3.6.2.drv
  /nix/store/59mndmhf1r3v9w8a6yc65diaxry1xsac-python3.13-multidict-6.7.1.drv
  /nix/store/2akcrfn4sxx06dggcgjgzi1si97x90pg-python3.13-dnspython-2.8.0.drv
  /nix/store/1l8ls98hr2ckmvw8n9maxci6caxf99kh-python3.13-email-validator-2.3.0.drv
  /nix/store/k0pqkadz51ab118mdrsa3n9gkbgm6hsf-python3.13-pytest-dependency-0.6.0.drv
  /nix/store/jz5n3bcfj8pd2czf1cg84g5qqkvyrvwa-python3.13-pytest-order-1.3.0.drv
  /nix/store/6azx1iqdm0s5xk7a1r4dmih3kr76y47h-python3.13-pytest-run-parallel-0.8.2.drv
  /nix/store/cfs00d4ibw3mcyqmvym897zhj24diin7-python3.13-dirty-equals-0.11.0.drv
  /nix/store/lwaxw7yca87a3v4crvikbl6myk4qdiii-python3.13-typing-inspection-0.4.2.drv
  /nix/store/m423wrhy709pwg2mwidglfgqid95gb0w-python3.13-annotated-types-0.7.0.drv
  /nix/store/wlb59p1z79jnr0l71g6cfgx770i8gyki-python3.13-cloudpickle-3.1.2.drv
  /nix/store/p6hvqd5v5l5kscy1iqzygbj38qib5wb3-pydantic-core-2.41.5-vendor.drv
  /nix/store/xk51v4a51b9piyphial58vjcbd9j1gb7-python3.13-pydantic-core-2.41.5.drv
  /nix/store/dmnl3ard86hhradfl3qf6b73wr0h18yw-python3.13-pydantic-2.12.5.drv
  /nix/store/a388jb6p4x6iq1s4hzdl7c2xxs0y22k0-python3.13-yarl-1.23.0.drv
  /nix/store/4cadpcimlx2apxg2sfhisks55xrhvgq9-python3.13-hpack-4.1.0.drv
  /nix/store/yfzcaib34wdpsyyfivw58cdgvaxcragl-python3.13-hyperframe-6.1.0.drv
  /nix/store/ak8fpd1n6dldn5h37bikdnn2lkf2djhv-python3.13-h2-4.3.0.drv
  /nix/store/2wymfhqdpz0cshwcpzqpwmmizyd94nmg-python3.13-chardet-5.2.0.drv
  /nix/store/jwgj5bfldv8371bk4hpp4i9qfr1gw57n-python3.13-zstandard-0.25.0.drv
  /nix/store/pxn0wzh2xlz8g97437bd3y12x9mm0fdr-python3.13-outcome-1.3.0.post0.drv
  /nix/store/551h1b77ig0pk71npfcw2aylwazg9515-python3.13-curio-1.6-unstable-2024-04-11.drv
  /nix/store/28b4qcy15mlzs3j4hhzqcsfwv12w28ai-python3.13-sniffio-1.3.1.drv
  /nix/store/34x9hy3lkhvca613a76fjkrni3vqbmpp-python3.13-astor-0.8.1-unstable-2024-03-30.drv
  /nix/store/i3v0h8pdslafm849pv3d1kay82i1016r-python3.13-pytest-trio-0.8.0.drv
  /nix/store/r3l7y12g29zki8rs8p4wbksy6gdbisrf-python3.13-pytest-rerunfailures-16.1.drv
  /nix/store/vqh48pvl2wv9fidfh5pazq1c3qwbymdd-python3.13-pyopenssl-25.3.0.drv
  /nix/store/86qx33iyfqxl9xamxnq73sw5znwwrj82-python3.13-pyasn1-0.6.2.drv
  /nix/store/a15ypav0417z7vzj5y9jhhn45s262grs-python3.13-pyasn1-modules-0.4.2.drv
  /nix/store/yz12yyficn7icl51bn1hggkki3bgsym2-python3.13-service-identity-24.2.0.drv
  /nix/store/qn3mggrbx21060rapmmm27pgb451by77-python3.13-trustme-1.2.1.drv
  /nix/store/zvpbfn363xz8sr5ym9kqm469qp1pgndc-python3.13-trio-0.32.0.drv
  /nix/store/pym8x79rbrk8xczq1b777mnzgvds2ry0-python3.13-pytest-trio-0.8.0.drv
  /nix/store/qhi3mxf894hxk13dpr47af3ykalhjvdq-python3.13-socksio-1.0.0.drv
  /nix/store/zbrwf5bw9nzc24jagrd4l1v31kslhw5z-python3.13-flit-scm-1.7.0.drv
  /nix/store/675xngqyrfhqr3pyfcfw82aq96cbsnia-python3.13-exceptiongroup-1.3.1.drv
  /nix/store/l7bklklan5p6ss6r8wwlnq6snvk578rn-python3.13-uvloop-0.22.1.drv
  /nix/store/rhv246pxpm4g3bfrkazz9g852qkxvf3b-python3.13-anyio-4.12.1.drv
  /nix/store/w5vy4mk8wz4sgxnw352ryl3xqskv2zmg-python3.13-multipart-1.3.0.drv
  /nix/store/2r1i2k3caaxx4ivsnrfscq0qc2wdl299-python3.13-h11-0.16.0.drv
  /nix/store/wz94ybxqgj7i452qlbpy6lv7mb8iz42f-python3.13-uvicorn-0.40.0.drv
  /nix/store/zhpci6bakdyhyyl7gxvm089bl01jr2vy-python3.13-httpcore-1.0.9.drv
  /nix/store/hj12zahmakr6jwh25j471lr9s0d14bj3-python3.13-httpx-0.28.1.drv
  /nix/store/zq4x67r6xz29b64bkiyph06hp36s9cl3-python3.13-colorama-0.4.6.drv
  /nix/store/7ylzdww06aq425r2bf8c2f0lbfa6ym6m-python3.13-icecream-2.1.10.drv
  /nix/store/gpbacn3x83h1h6sj96gqxypia7a040wx-fix-paths.patch.drv
  /nix/store/2k5wp0b3cpqmpv7r5c6dbnw2pf68xd6z-python3.13-k5test-0.10.4.drv
  /nix/store/93al9jf0vwgflgjahvd8cvrd7gw16h9l-python3.13-parameterized-0.9.0.drv
  /nix/store/h47kyznvqswbhyps74xascvcvak8j9vc-python3.13-gssapi-1.10.1.drv
  /nix/store/mkcfz3mcw397rr85n29h1r4g8lnlacq0-python3.13-pynacl-1.6.2.drv
  /nix/store/pbkz1i2wnp1vkzwccq5adz24rhv602x1-python3.13-paramiko-4.0.0.drv
  /nix/store/axkqgp3m3bfygg08ikvhs84jl47l7780-python3.13-proxy-py-2.4.10.drv
  /nix/store/bi04aha84x2i1vmi3jczcgbnm4va9s59-python3.13-isal-1.8.0.drv
  /nix/store/h8x863qg4bx7by5v5fffqa11qqs3b5xi-python3.13-re-assert-1.1.0.drv
  /nix/store/lma2iryz50jcc0bwadzk0x5kdj398l08-python3.13-eventlet-0.40.3.drv
  /nix/store/p555ikx6r4i5bafr64jl5vvx0sqrfmsa-python3.13-tornado-6.5.4.drv
  /nix/store/l24dfqjw6z1g8kxii2c1xx1ynhq3gfyr-procps-4.0.6.drv
  /nix/store/wfpk5xvb9i79cv54dql651yv5rdyrspg-python3.13-setproctitle-1.3.7.drv
  /nix/store/hglz3c57ph0i8km619y78kmxgrn4fr1m-python3.13-gunicorn-23.0.0.drv
  /nix/store/lhkp3y0z7k78g523ig71v5bwpn97vcna-python3.13-pycares-5.0.1.drv
  /nix/store/kb590zabw5smgyz04qsyqdprf1fnw5f1-python3.13-aiodns-4.0.0.drv
  /nix/store/b371fxxkpas4417ym0ghf00wry7jv5d0-python3.13-forbiddenfruit-0.1.4.drv
  /nix/store/wmjbygyjyj5q1c2wfhh0i3q4flv76avb-python3.13-blockbuster-1.5.25.drv
  /nix/store/wk8fx1lrp2idhd9p125ls4x0vzc5r8zr-python3.13-pep517-0.13.1.drv
  /nix/store/wrqc4z5zy4xs5w7qywrgpmczy9yzck64-python3.13-frozenlist-1.8.0.drv
  /nix/store/aavdcaaq71bp2baryn1zy8hz2bqg7mwj-python3.13-pytest-asyncio-0.26.0.drv
  /nix/store/1svk2092xi21pz79v7r50ffs3xph5r95-python3.13-sphinx-pytest-0.3.0.drv
  /nix/store/c87ddqdkmb9pmmm9xnqiszw9g6s56zpr-python3.13-webencodings-0.5.1.drv
  /nix/store/656akmv1x82v5dii658252dny1vyzig0-python3.13-u-msgpack-python-2.8.0.drv
  /nix/store/z3cr2c4h0l9dj4ncrlc4b08405w125b7-python3.13-pytest-expect-1.1.0.drv
  /nix/store/63p471mwihihhkw3c6kkhv5xfyajgpjc-python3.13-html5lib-1.1-unstable-2024-02-21.drv
  /nix/store/9qnxnqn7026nly2dfp6bfj772nc3dydg-python3.13-faust-cchardet-2.1.19.drv
  /nix/store/rskiqdq8nsh0111wr9yll7lh6r8200hq-python3.13-soupsieve-2.8.3.drv
  /nix/store/gqzzl5xq5knwkbkdhsyzsi0f3qc0wrk1-python3.13-beautifulsoup4-4.14.3.drv
  /nix/store/v1cw7yjj3c0cipqhcbs98yqi48x7q89m-python3.13-mdit-py-plugins-0.5.0.drv
  /nix/store/1ikf186fc8hly89xq05znhnpsriiphnm-python3.13-ruamel-yaml-clib-0.2.15.drv
  /nix/store/vjh8jbdzj8mxgmllsspxxdjj4g3zxwcj-python3.13-ruamel-base-1.0.0.drv
  /nix/store/yd737z45gsa5866v9q1lag56hywnsz8l-python3.13-ruamel-yaml-0.19.1.drv
  /nix/store/wrazja4rl21dfrldm2ba4zr9nm5sdicd-python3.13-pytest-param-files-0.6.0.drv
  /nix/store/hn6j7qp2vfs6bywwhyf377ywz66b8x0x-python3.13-myst-parser-5.0.0.drv
  /nix/store/6hc978vlkramgh6xnjg1hhbyv8s4n1vr-python3.13-accessible-pygments-0.0.5.drv
  /nix/store/pdwlgn1aj8lv5y5xm2nmm7ljdkcpgacc-python3.13-sphinx-basic-ng-1.0.0.beta2.drv
  /nix/store/cm9x8mgpzjjm8l8y5v6galbdjn9ns36g-nodejs-24.13.0.drv
  /nix/store/dh8izdcm8zyfbizc3yik84j95gig5c3d-prefetch-npm-deps-0.1.0.drv
  /nix/store/dbgv7rqdhycy1di2ww46dsw9w4gliqxm-npm-config-hook.drv
  /nix/store/f0fyd14db1h8m5xcyrjzxnjwbrayymaz-nodejs-install-executables.drv
  /nix/store/r665mag2lcib0nw3xn48rz4kcm3wbcw4-npm-install-hook.drv
  /nix/store/rlw1n685c1rd7c3cbl9sbyqqs3lf27aa-furo-web-2025.07.19.drv
  /nix/store/y0gcpwbvligy2d68pqc71h0fxqdz45i5-python3.13-furo-2025.07.19.drv
  /nix/store/xnwlk7l6wiblyrdpzplrrr9iiwqngjlb-python3.13-aiohappyeyeballs-2.6.1.drv
  /nix/store/xpvjw4vhqvmkjxrqv1js8ax1nffvdrrl-python3.13-aiosignal-1.4.0.drv
  /nix/store/bbr3651wmrkvxwpylxdhb4in24nzb3wn-python3.13-aiohttp-3.13.3.drv
  /nix/store/7azs5dpyhkf9f8j8y53g2jp6rf0ys3n4-python3.13-pymodbus-repl-2.0.5.drv
  /nix/store/lrwqv6g8403sq1rh0n2qjm3yacwzp5cv-python3.13-redis-7.1.0.drv
  /nix/store/2q2n79agafxh9g1md1g9w2mj0zdsi4m0-python3.13-priority-2.0.0.drv
  /nix/store/7kl29jmdqq2nvkcb1i9qwpzz9c3c6n7k-python3.13-pyhamcrest-2.1.0.drv
  /nix/store/ama5xwmikycpzlfdhb5l7iz9512ghi5d-python3.13-constantly-23.10.4.drv
  /nix/store/i5s05q60pljhb28mrf1fsa3ldpwpx6q5-python3.13-automat-25.4.16.drv
  /nix/store/pbj78m46141fd6bpl0ajcrvm2pd67nvi-python3.13-incremental-24.11.0.drv
  /nix/store/q7zjq49xfv4xcq8baxryiaxz11cxr6my-python3.13-cython-test-exception-raiser-1.0.2.drv
  /nix/store/rxxwx4vhcn1pgjqjsml8liz8iwhfi797-python3.13-hyperlink-21.0.0.drv
  /nix/store/zjw2zvqzh02yqjifdd472sxqx72hbl3x-python3.13-pyserial-3.5.drv
  /nix/store/wh72g55262zpmfqjs7bdjdcv2jql5f5x-python3.13-twisted-25.5.0.drv
  /nix/store/wwzsxzrg4riakrb0vd6hgb9jbq439iiy-python3.13-sqlalchemy-2.0.46.drv
  /nix/store/b7ikw7bbiy5sm6lyb1dhdlw13nfwy5m2-python3.13-pymodbus-3.12.1.drv
  /nix/store/f9dvd443ii2ywfw90gzygik3c1qf90wv-python3.13-paho-mqtt-2.1.0.drv
  /nix/store/0mhd597l2c6lshxzpk9flnwayzbqjyy3-python3.13-pkginfo-1.12.1.2.drv
  /nix/store/3rrwm3i7706qa6ll95pk29km086wqxfs-python3.13-jeepney-0.9.drv
  /nix/store/v61jpa4amx214pj7bcxbkbydpv9gybzh-python3.13-jaraco-classes-3.4.0.drv
  /nix/store/bb8vp1riaxy27l5plpn2a23g3126w8n3-python3.13-jaraco-functools-4.4.0.drv
  /nix/store/d0kkkp22cnh9p5xpggxy7hgsa7xcy5pd-python3.13-shtab-1.8.0.drv
  /nix/store/lgs0wahc1jsd5w43197rhln3kfwx34pq-python3.13-jaraco-context-6.1.0.drv
  /nix/store/n85wdf1ccf6dpjw617zvcpf434qprj81-python3.13-pyfakefs-6.0.0.drv
  /nix/store/sp7j20iink03yd6vxgwrrma763qj1gjn-python3.13-secretstorage-3.5.0.drv
  /nix/store/35a21aj3ck2d21gm336bqm6dp4v3xr7r-python3.13-keyring-25.7.0.drv
  /nix/store/b0blnkabi995psysilkbnivydr27dxr9-python3.13-id-1.5.0.drv
  /nix/store/i5k5yhvvj8aky4070r73q4rfmbi9gais-python3.13-cmarkgfm-2025.10.22.drv
  /nix/store/njbv5czhv7bwf6pnc36kzz6wywxv90hj-nh3-0.3.2-vendor.drv
  /nix/store/ssi02aj6r6qw6v16bnvmsd8siyvf5700-python3.13-nh3-0.3.2.drv
  /nix/store/gjx76mbbf1dqr7qbahmc11r0vysd0h24-python3.13-readme-renderer-44.0.drv
  /nix/store/v616rn0m61nl1k67sq1id6nc4x1g1caz-python3.13-pytest-socket-0.7.0.drv
  /nix/store/7pr6f8mdm7cwz01y71v2wlj7y4wrxnic-python3.13-betamax-0.9.0.drv
  /nix/store/v8w76fx3cna3zadh7s1qpscmhj0y7pl1-python3.13-requests-toolbelt-1.0.0.drv
  /nix/store/y1s4ffa4469q1gfmc9n5arcqbmbia9c5-python3.13-rfc3986-2.0.0.drv
  /nix/store/k130g1x6i04gfdxm84x6219dzh94x678-python3.13-twine-6.2.0.drv
  /nix/store/yj2slwxjwjwnwzr0p9fg3aqri9fh50nz-python3.13-py-1.11.0.drv
  /nix/store/9vvrxzlmcafpyai0b6714frwnzsg5kvw-python3.13-pytest-forked-1.6.0.drv
  /nix/store/clgnb0km7gsh4av7hizx65zvax6avxa8-python3.13-pyrsistent-0.20.0.drv
  /nix/store/l1ajk8fgy7n2hdpipsjb5g2mgkwjr7fv-python3.13-pytest-watch-4.2.0.drv
  /nix/store/plzb46j3i0h3r1568jsvjrgyyb3gag7j-python3.13-pytest-localserver-0.10.0.drv
  /nix/store/w7aqs5vf0j73ykhj8wh9mh4jfzr1xvjy-python3.13-sentry-sdk-2.53.0.drv
  /nix/store/rawkv105vkxg8vvsf21zy330g7rndw6b-foxessprom-2.1.0.drv
  /nix/store/spcsav8xps5pfj13yv9hgdw730229ihx-prometheus-foxess-exporter.bash.drv
  /nix/store/96r9bx8p6jnxvknr392xjlbiaicqm2s8-unit-prometheus-foxess-exporter.service.drv
  /nix/store/0hpzyb55jlb08p0vc803n2ixn5islw3v-unit-script-grafana-pre-start.drv
  /nix/store/29scq52fi1zznx1pqi231g4877pv805g-python3.13-tomlkit-0.12.5.drv
  /nix/store/sxmpm2mfvd05qad07n5ca56b95kj3xrd-cargo-deps-vendor.drv
  /nix/store/fph27kgiamzc8jaxyn977azwz30pchg0-ruby-3.4.8.drv
  /nix/store/17f19whrl2yy4hkhwh6b0h6w15llqfbq-ocl-icd-2.3.4.drv
  /nix/store/69w3pal9vik2nw6zm73yg7abk41y9088-libass-0.17.4.drv
  /nix/store/gqqjl3mr67xwx7c2bmw50sx9x80shp0d-v4l-utils-1.32.0.drv
  /nix/store/8nkars0pgy9kriaalbla5r1l0w68qkw5-lcms2-2.18.drv
  /nix/store/n377rjshp4l78bfr8w3kq4lmqd3ka53k-openjpeg-2.5.4.drv
  /nix/store/dhw5v6c5nc2gi78ijfgm5mgkhnqzqaai-flac-1.5.0.drv
  /nix/store/bzvx75c1ncy9azbqc64j6vnz7yfxa3kc-libsndfile-1.2.2.drv
  /nix/store/wnlh038jjd4q62bl1660xzgy7xg90d0k-libsamplerate-0.2.2.drv
  /nix/store/88svfpibfw8m8f9q3gpnc9s7fd65msby-libjack2-1.9.22.drv
  /nix/store/g8qn0y7g5fr2683q6qflm188mgplqk83-vala-0.56.18.drv
  /nix/store/i8f40mbxqsyc8lbjdkakkj0mg193y9jv-dconf-0.49.0.drv
  /nix/store/pbvmw0zglb5awpw574ml5059v0di4l22-libpulseaudio-17.0.drv
  /nix/store/jszsy4ms8ac7bawbs35dygk57d98iyz2-mpg123-1.33.4.drv
  /nix/store/wj72d2phdsmhklr39ad9n05n46clwivg-portaudio-190700_20210406.drv
  /nix/store/nswirg38qldwh2vqbs85zxrg14zxsn8x-libopenmpt-0.8.4.drv
  /nix/store/pbxz1cri6wjaifjmmq384l8l1bimm5zf-libbluray-1.4.0.drv
  /nix/store/c8a48hdf9blaav624qamglgk75zfgffc-graphviz-12.2.1.drv
  /nix/store/rjsfzjw4h6ay6lrc4a69pjcr6r41x5q2-wayland-1.24.0.drv
  /nix/store/r2gg9ag7c4z2icn17k1zzrfrsl5qiqin-vulkan-loader-1.4.341.0.drv
  /nix/store/d56fnzrc9ahwwhmpg5s371jfn99i7zbw-ffmpeg-headless-8.0.1.drv
  /nix/store/jybz2d4rdzb00xl69b1fjzipb6rcl8z0-cargo-c-0.10.19-vendor.drv
  /nix/store/zwcbdn51yrp0gzc9r4v13qzqj0pgv8cm-cargo-c-0.10.19.drv
  /nix/store/ifgv472m97y9myplllm6j9zrpgjrcwcw-libimagequant-4.4.1.drv
  /nix/store/q4rh2pnbndhk3qisxx1sx5lx7ym1hs1q-libraqm-0.10.4.drv
  /nix/store/ncrgmgz8s54vg9x3viq2gpz5axky0rw8-python3.13-pillow-12.1.0.drv
  /nix/store/dlj5jhs5f2xq4zqwcnyja256qaj4gic1-xterm-406.drv
  /nix/store/rdb64n8vag08lzxxr7qkmfby1dl5533l-cups-2.4.16.drv
  /nix/store/m987z0hhgjwl9fyq699z6hw8ag8hdpnd-ghostscript-with-X-10.06.0.drv
  /nix/store/px496yjig0ixx3rndwsl1xk78b7xfdzm-fonts.conf.drv
  /nix/store/k0fiii35m7xwifz0njy24jg4qb3mr8im-xvfb-run-1+g87f6705.drv
  /nix/store/w2r0wh9zvbs09cjf9aqn5crhvpjdp2rd-tk-8.6.16.drv
  /nix/store/qdpj8rgdvn0097n65c1gbr5kf0y1k8lk-python3.13-tkinter-3.13.12.drv
  /nix/store/qhy7mzs3bnj8anc8zz6455a8njkc4yih-python3.13-contourpy-1.3.3.drv
  /nix/store/6r3vwpn7xvvh52f6fxv8rbzwbyj60z0k-python3.13-brotli-1.2.0.drv
  /nix/store/xl5r8sxwx2xhrqmgsqhfnliig5xzxqhp-python3.13-uharfbuzz-0.53.2.drv
  /nix/store/vn8cks7h8hzjvqrwwz1v1zz2bwxjqcwh-python3.13-fonttools-4.61.1.drv
  /nix/store/l655na13liacy5n89frhxgsvgc5jbwcw-python3.13-matplotlib-3.10.8.drv
  /nix/store/5inyw0g1ib99kp6r8f4wsnsgqcw44f9n-python3.13-pytest-regressions-2.9.1.drv
  /nix/store/3xrm860rzkrnc31zr5hfmxls9kcq371i-python3.13-markdown-it-py-4.0.0.drv
  /nix/store/bbz83ialry37f6n5hx0sbs3fxpmqa5yy-python3.13-rich-14.2.0.drv
  /nix/store/3wkxn9pl595sxhbmhvqczmm4ciflmjzc-python3.13-rich-argparse-1.7.2.drv
  /nix/store/s6cxhpp1hlcvf12pmbxg9nzldb17wlms-python3.13-cbor2-5.8.0.drv
  /nix/store/npqny42p6za53qvmlxarr8yi3kp7cmsx-remarshal-0.17.1.drv
  /nix/store/78pg5qq9ff5bamd7a7absv7s9qzng9f8-datasource.yaml.drv
  /nix/store/dhxfy30g75c233j15760r0mkibvwri52-dashboard.yaml.drv
  /nix/store/h1rp0sa3l9pvvy3b357c1wry098bgf16-policies.yaml.drv
  /nix/store/mwpaf6m077vx23c4nxfi91blf3l6v3yh-rules.yaml.drv
  /nix/store/n880csznzv86q45rpnf7phw4sj0vh9dc-muteTimings.yaml.drv
  /nix/store/rdqy1vc2af6ziqpslihpmwq072dx4dyp-contactPoints.yaml.drv
  /nix/store/sv8yf52y3ac6f69rcqsjk74343wf9lad-templates.yaml.drv
  /nix/store/vqcbjywliiayxsh8jqzm3136b5j95izh-grafana-provisioning.drv
  /nix/store/kmlhm4qgiwl1s92v9skpfj5vq4bx2lz6-config.ini.drv
  /nix/store/gx2mll1vsy5qq5b2p3473aqsi3svz71f-unit-script-grafana-start.drv
  /nix/store/dd71n3431lxsfyk0cxrix9g668nlbyfl-unit-grafana.service.drv
  /nix/store/k30n93p09sbriiv19r91kigahf2cs2a9-validate-loki-conf.drv
  /nix/store/ilpg86wxi0fd8cn980ywsl8c1rgprdv3-unit-loki.service.drv
  /nix/store/syf2sy1jmyyssrzk8yj0pp30m5ib65mm-nftables-rules.drv
  /nix/store/j17j8y3r4g7ak9fzwbj1gdc6mnmxbpbm-unit-nftables.service.drv
  /nix/store/42sjzysgib1ipavdcis9nlawfj87inqz-prometheus-assets-3.10.0.drv
  /nix/store/76skjqqa04hvn1h2x31818rhl15h08s8-prometheus-3.10.0.drv
  /nix/store/d3c0d7z1dnppjjz4z00kqax24z0h8v08-prometheus.yml.drv
  /nix/store/lb0mlsap8v4gpml4z4m8lb034b9agv62-prometheus.yml-checkconfig-checked.drv
  /nix/store/lgk7vn8pbdg45hw4959f6gnhdv1ln008-unit-prometheus.service.drv
  /nix/store/zlhfk4vfmsa2472dawdqz2dd32zi4j32-dbus-1.drv
  /nix/store/96ph3mva1xnagih0py85bajvm5m8a732-X-Restart-Triggers-dbus.drv
  /nix/store/vh2x2lad90zik7zvvnwbxfvlkzbp5yb9-unit-dbus.service.drv
  /nix/store/y0w7by31x2akp8s5zpqqxdcnyxakadk9-unit-prometheus-node-exporter.service.drv
  /nix/store/3n42jngyqbhfiv1zlcwlszqjs0svcp4d-system-units.drv
  /nix/store/vf1cis2599z5aj2lm8a5hjwxhlb07y1j-unit-dbus.service.drv
  /nix/store/51bgpbg89917ry8bf7qgav8q8l9kgpha-user-units.drv
  /nix/store/6jk7s61lkf66f08ydf49bmmwnmvrslm8-etc.drv
  /nix/store/md2gc6qmpxd3p9rv4kjkmx5dy6qxp36x-pre-switch-checks.drv
  /nix/store/njvk2hlj3mk4pg4877n1w5bdw7vc89nk-activate.drv
  /nix/store/wa7cii91kpqy0mfn9kjap5grkii26hl5-nixos-system-intranet-monitoring-26.05.20260308.9dcb002.drv
  /nix/store/rv9mvsrxbkah6dizjvrg7j4n6i1irdk2-etc-nixos-containers-intranet-monitoring.conf.drv
  /nix/store/d48pxzb3skpv8pcwb43kqqx31dfb4ch6-X-Restart-Triggers-container-intranet-monitoring.drv
  /nix/store/g42kdfx2p8zp9ffyq44byhvys2skqzv8-reload-container.drv
  /nix/store/0hc9ffgwpc023bpfri6v45k651bm8x9n-unit-container-intranet-monitoring.service.drv
  /nix/store/4lrdy20xbccvzb9fkac9fv35y00850fn-openssh-10.2p1.drv
  /nix/store/ffwbdn92v84axpszh7jwfl2mk1avhm23-rclone-1.73.1.drv
  /nix/store/0i2z868m0kdqpw60gr514q73cmi7ybq3-restic-0.18.1.drv
  /nix/store/0i4db84kqwvpbmyym2iv3zdfy82vsys7-runuser.pam.drv
  /nix/store/iwhvb25lyn1fli4xg08h286w7ybghg2c-system-path.drv
  /nix/store/0iinmcc8j1plbg9m850y2szn7ck5l8mk-dbus-1.drv
  /nix/store/0jgsjmv6sqlmjkzax955s0xxh8p7r9wm-unit-script-container_internet-xmpp-post-start.drv
  /nix/store/k1rq9ssf8srj0da8wjj085dc13gpzjl2-python-catch-conflicts-hook.drv
  /nix/store/knzncz0zx8zs0ccwngnixbw7s8axywn0-python3.13-wheel-0.46.1.drv
  /nix/store/k7vmrlf7dskw7px6b5gyazdvs53x13v7-python-relax-deps-hook.drv
  /nix/store/vd1l5zlcxgl51ds38kssa269x54d8rhc-python3.13-pyproject-hooks-1.2.0.drv
  /nix/store/8p8xsfwai6gwmbjy6vahjyd1x6vsaj6d-python3.13-build-1.4.0.drv
  /nix/store/k65qcrhyn91s7s71acaviyism2imiv25-pypa-build-hook.sh.drv
  /nix/store/xmd580zrb6p26sy4fjgkad364yah7hb7-python3.13-setuptools-80.10.1.drv
  /nix/store/0jzrlr9zjdynfsk5bn80q9d8n17dxq1l-python3.13-cython-3.2.4.drv
  /nix/store/66fbm49qqqxiwk5ir6fwsfd6v2b0hmhc-libxi-1.8.2.drv
  /nix/store/a80k1rb7bpf7xcciyadihmwik6hyc9q9-gsettings-desktop-schemas-49.1.drv
  /nix/store/s2wxzxaxr4gpyylpk03hk9bkmr7r1f9j-libxtst-1.2.5.drv
  /nix/store/3s5m5a91l9fj58x67qp8r0zzlwcmm82s-at-spi2-core-2.58.3.drv
  /nix/store/5gl1ck7l62szw7dhn6y9s1npy0v3ypva-wayland-protocols-1.47.drv
  /nix/store/7y2pan8m0f8qyf8ipp8hvhpmklb29kdg-libepoxy-1.5.10.drv
  /nix/store/kby0fz7jxfln9mi491n6wqmp04wv5i94-libxcursor-1.2.3.drv
  /nix/store/kcmy0c08l9v2yfs48k3x99y3s2c0mib0-libxkbcommon-1.11.0.drv
  /nix/store/l8fdsxyn17zyvrq4p3wpgjl7jclkv69p-libxcomposite-0.4.7.drv
  /nix/store/lzc246cpbjn3yidb85ll8ci6vvgvvciz-iso-codes-4.20.1.drv
  /nix/store/wxz4w6f782dy4av4m58326vljkm920yg-python3.13-pycairo-1.29.0.drv
  /nix/store/qhpq446jx0d81x4vgr32zacy00122i7h-python3.13-pygobject-3.54.5.drv
  /nix/store/4gcppzmr8rmgfa8vd25k6pryr74kbmp1-python3-3.13.12-env.drv
  /nix/store/ahqs03y2z5l0vdqvq7wllsnbw16q1y2d-libsoup-3.6.5.drv
  /nix/store/n3k9b9mq8lp2944dpjg50hbskrpd92jk-wrap-gapps-hook.drv
  /nix/store/qbp516ibmbcx3dn6z3bjk8cqr7k4z9hh-tinysparql-3.10.1.drv
  /nix/store/r014k13bi2wnhmcwyrx1yw7m26wizs46-libxdamage-1.1.7.drv
  /nix/store/v44q3xgb3iw8p8wnz7081xa8ay5adynx-libxinerama-1.1.6.drv
  /nix/store/zlvywrvzw3hdz5d2b3039fy42vgf4z0y-shared-mime-info-2.4.drv
  /nix/store/0kj6kmyliibrzl2sa2c8msl066miykcg-gtk+3-3.24.51.drv
  /nix/store/0n8fa527azz7lip374899mpr0hvqzl3d-unit-kmod-static-nodes.service.drv
  /nix/store/fz2xd1hpj8aylcrrisrjb37zmb4i61kr-etc-sysctl.d-60-nixos.conf.drv
  /nix/store/0nl9yr46b334hkw3kpvfi4bw3z6sng29-X-Restart-Triggers-systemd-sysctl.drv
  /nix/store/0p624i7ib2188jg6hln2zf39yx5i0j0a-resvg-0.46.0-vendor.drv
  /nix/store/0pnvhdi66k6wy7ay2q2r67vcfn4h6mi7-nushell-0.111.0-vendor.drv
  /nix/store/10sx7j4vjqib51z322xbqr01i9cijxa1-lttng-ust-2.14.0.drv
  /nix/store/9092s1fyf9qyyhljx8i3p1c0x8jj8zwq-libpq-18.1.drv
  /nix/store/ayws0pgq9kiv585nkm47fiqjgpwbhcw8-mariadb-connector-odbc-3.2.6.drv
  /nix/store/brwx727k2s1l9j1qrfdnz5hd0fxgrm32-libxcb-cursor-0.1.6.drv
  /nix/store/d8lsjvk48nz4gv62rscmyfmbnv9g2p2x-mesa-libgbm-25.1.0.drv
  /nix/store/pjyfd524cpgvyzrg4m3j3fa7x5gpm3w9-psqlodbc-17.00.0007.drv
  /nix/store/qzxv82blrr6zg8myfjs1rxh2kw8sfv9a-md4c-0.5.2.drv
  /nix/store/s99i5ds44187izcy5qb1qy92p4x65jh6-hardcode-gsettings.patch.drv
  /nix/store/v69cp1vrwb5y4vv4x7n72h5rr3jgq42i-libproxy-0.5.12.drv
  /nix/store/x1xm6s5zxgysppzpc0ygdw0622x5vm6x-mariadb-connector-c-3.3.5.drv
  /nix/store/zq4wdpvjvbralvb41isbahsqji3fsirp-double-conversion-3.3.1.drv
  /nix/store/b16vpz8fv8r1vqbvinfgifzhw8a8sbs9-qtbase-6.10.2.drv
  /nix/store/kq4kg1brjbfvp4b0543j2dg7a7xvlv50-qttools-6.10.2.drv
  /nix/store/0qnnh0qf91fhsg81b3napzn448iq3mnz-qttranslations-6.10.2.drv
  /nix/store/0skywxxswkp65y2aj22a9c72vm2359bc-nftables-rules.drv
  /nix/store/0sxnfdsh6wbs71125bap71117ii5bw6i-http-types-0.12.4.drv
  /nix/store/k5irj71kixjbv1p0rsdf9yizm56nj7nb-system-path.drv
  /nix/store/di7d6w447cg38dfrlw7hpqs9m4dyn0mx-dbus-1.drv
  /nix/store/v39pvdyzl1drpkw9z9s2ligg8586afbr-X-Restart-Triggers-dbus.drv
  /nix/store/3adj41zfb62vnhjlrdclcsrqpbp6s15w-unit-dbus.service.drv
  /nix/store/998x6p3dajgyc8fpv098xnana4sfm3hm-unit-postgresql-setup.service.drv
  /nix/store/7xh8dz52ji73a49syimj04l1ihfskg2a-nftables-rules.drv
  /nix/store/jdgkqdxg3kfymr5d7385jnjr92vvjgs9-unit-nftables.service.drv
  /nix/store/vc4c2b6ggihj5xr8cpy1pn89h7wwgqpx-database-setup-miniflux.bash.drv
  /nix/store/r74isav1bsvy5i85wn8zsmxnrvcscsdk-unit-database-setup-miniflux.service.drv
  /nix/store/0x7441s65lb5rn03npdmh8n4yb2g25hq-system-units.drv
  /nix/store/22jm966211a5gswxfq9s3yikdfiaw0v2-lkl-2025-11-13.drv
  /nix/store/yqdnqa4jp5ah60dfvbafbv56w4ndpa2m-jansson-2.15.0.drv
  /nix/store/4nf0n1rbv44cnk9kzs46alwcqr7v5i7a-nftables-1.1.6.drv
  /nix/store/kfkfz5y5i2bds7v0vyz6wsfydgxswm3h-nftables-deletions.drv
  /nix/store/j0mybvkks8bd5cf2dcx2z9i13bjn11w7-nftables-rules.drv
  /nix/store/w6vgax7869746skxi83gkmrvqw0xvkwx-nftables-save-deletions.drv
  /nix/store/0yhwn254qlhbrihprj7xlrmkq6wr1ll3-unit-nftables.service.drv
  /nix/store/0zcpzgpx4alxgcfh1hbj250kyyxpx2xf-libqrtr-glib-1.2.2.drv
  /nix/store/b242vi27cfkffld6h51wvq1wr7y56aab-setuptools-build-hook.drv
  /nix/store/ha9vdvgma7dfkazl4f2iai927ccvklbr-python3.13-polib-1.2.0.drv
  /nix/store/sqym49v7kh0iyl5wxj5hmka8y9rvqpin-python3.13-typing-extensions-4.15.0.drv
  /nix/store/1dxx9xyx1ix5hv8k7ic0blgwxmn8nbdl-python3.13-setuptools-scm-9.2.2.drv
  /nix/store/gjzaxwf917s60ihrmc3w6q4h9p0xf2ma-python3.13-iniconfig-2.3.0.drv
  /nix/store/xklcma6p43hx88qvbzfbwkd9a6xsz0vw-python3.13-pluggy-1.6.0.drv
  /nix/store/j8iwyg4n3dpr4460wpydscxarps3742k-python3.13-calver-2025.10.20.drv
  /nix/store/6bq8nnml7kd2k62z5g12sw51z4pia6f6-python3.13-trove-classifiers-2026.1.14.14.drv
  /nix/store/jb82qfilv1ld5q2a8dv3z3x6gr9957vi-python3.13-editables-0.5.drv
  /nix/store/y9nygax9ldhgc1ccnj1aabhvp10qy1zr-unittest-check-hook.drv
  /nix/store/xz812p528aqdz0lnwk2m8fp7ya8c4997-python3.13-pathspec-0.12.1.drv
  /nix/store/1lkn4n1xvzdcc8m4ckcv3j0cb3inq60h-python3.13-hatchling-1.28.0.drv
  /nix/store/ynq5jka5041id863hgmbad4lkmjccpq0-python3.13-pygments-2.19.2.drv
  /nix/store/7fn0q17ngykh62v1si9v027hv44hch03-python3.13-pytest-9.0.2.drv
  /nix/store/s762ncx5zrnxri2wccjqwwflkn4vg4lx-pytest-check-hook.drv
  /nix/store/mm644jlx6019v1h3ivdan0f1shjwlxdc-python3.13-click-8.3.1.drv
  /nix/store/kf48nh5nlpkk7mxw8vfgfsjk5s36pnb6-python3.13-lingua-4.15.0.drv
  /nix/store/kphmdif5rpg79xbil0yn5nmp5dirmyk5-python3.13-markupsafe-3.0.3.drv
  /nix/store/lbqkrci3hba2m2ygaml5xyf5618wjk73-python3.13-mock-5.2.0.drv
  /nix/store/q9pjbyida0a7xm8mslgvd7373aqzq2s0-python3.13-chameleon-4.6.0.drv
  /nix/store/28agl7qw7mns928aizmlj6afb90m5vz0-python3.13-pytz-2025.2.drv
  /nix/store/89z00hndhdcp9v5a3if1wlsmszn1k2gh-python3.13-six-1.17.0.drv
  /nix/store/1dpdk7fvvhsw24v5gylnjv0cyl29wkr7-python3.13-python-dateutil-2.9.0.post0.drv
  /nix/store/dbiin7myzxk2s714bh60af6crzpria82-python3.13-freezegun-1.5.5.drv
  /nix/store/wmsbzm3bbqr4jm6sp9yiv4zr60rh7pwd-python3.13-babel-2.17.0.drv
  /nix/store/109h7j8sfj355fczfm6dvajpc8qfv9ay-python3.13-mako-1.3.10.drv
  /nix/store/ahnzan7sdf757iln36k5054zxzgv7wgl-librsvg-deps-2.61.3-vendor.drv
  /nix/store/r3459cid1nj3msqa50an3x8h0rr7kn88-gdk-pixbuf-loader-loaders-wrapped.drv
  /nix/store/dy6l564z1qwlnbfqgxw04mb8gp75a6qv-librsvg-2.61.3.drv
  /nix/store/nyiz9q5j1b8sv058wrzg968s6kc5yblg-libxmlb-0.3.25.drv
  /nix/store/10hx5dxkpcj7zy0k557x31ca1kcl5pda-appstream-1.1.2.drv
  /nix/store/hd42yv88rb4j14csin9m2msrkb8dccmz-nix.conf.drv
  /nix/store/h8n49zrv7x959c6p2dhiil08cpjlkz14-X-Restart-Triggers-nix-daemon.drv
  /nix/store/zg7inwch86y5fmx8smb561jhajv84dws-nss-cacert-3.119.1.drv
  /nix/store/11x3pxfphy4crgv5hqqlsxahq7pv3q3h-unit-nix-daemon.service.drv
  /nix/store/120lcrhwjyrxg28ndwsczrd3ky5vm1sa-getty.drv
  /nix/store/12pnyiz6h1pn42z7wmc8ygq4i9p2cz6z-mountpoints-1.0.2.drv
  /nix/store/13nb8y3i0s4y0wfblwklm0pg4qs9bzh6-nixos-firewall-tool.drv
  /nix/store/14nb586ngi159s9nal9ldp70rj6ddlvd-python3.13-autocommand-2.2.2.drv
  /nix/store/14nzqj9jhgyryimmlnpham5nvkdhkhfa-unit-script-container_intranet-coder-pre-start.drv
  /nix/store/8dcscp2a24l3a2ysdds31cb1w9lggk2h-network-3.2.8.0.drv
  /nix/store/8dsj7camjwc4mc57ivbw13fk6ir1kmrg-mtl-compat-0.2.2.drv
  /nix/store/2wb3gyvjrsc9yrw2vzpjzib8zzdhc8g9-mmorph-1.2.2.drv
  /nix/store/4h5zyrv703kdx5n70hiq0z3m766inxbh-barbies-2.1.1.0.drv
  /nix/store/5anxj2biimbdiyqbipc43vs6slp6wigx-erf-2.0.0.0.drv
  /nix/store/36fjg063fcawfm1alprdidfyvklvkhax-void-0.7.4.drv
  /nix/store/5ga54zzg37ghg9y2sywybya38qqfwg2w-safe-exceptions-0.1.7.4.drv
  /nix/store/mla84xynzjha8bw511cjc358n29rb71p-happy-lib-2.1.7.drv
  /nix/store/kggi9zjjwa4zc4wcwvl69ksz2dd3ipa1-happy-2.1.7.drv
  /nix/store/7370wnkvz35p9hxxqlfq66wlnih7q9vx-pretty-show-1.10.drv
  /nix/store/8hnawfz01w9dj29s8py5c6jxcjdqrffn-wl-pprint-annotated-0.1.0.1.drv
  /nix/store/6fx8kr41qhc91l3bvbpfc421k8yjxix6-terminal-size-0.3.4.drv
  /nix/store/bkgpsba56r5y9n3f21fzff9ds5bl167x-concurrent-output-1.10.21.drv
  /nix/store/ksqm676xglvg38i78w199fs24h041kvn-resourcet-1.3.0.drv
  /nix/store/n43b35rhjr4hci5mk4rchl2aai403nh7-monad-control-1.0.3.1.drv
  /nix/store/3c84r7libwlymrj1zwh4hxx3ngy9i4b7-lifted-base-0.2.3.12.drv
  /nix/store/hx9lgfnvlnhmbypl52wm1i4rj8xlwxlk-boring-0.2.2.drv
  /nix/store/nb3ax6h62ifbsk4c4k09rl53x43qzczi-constraints-0.14.3.drv
  /nix/store/rggx9xln6jj8zs82c0p9kr7nmhx13ay6-lifted-async-0.10.2.7.drv
  /nix/store/riydjzyvzp8ml151nbnhic4554k0gz4x-hedgehog-1.5.drv
  /nix/store/zibk8qi19bd5f08xz8yfw5s29g4hvpmn-tasty-hedgehog-1.4.0.2.drv
  /nix/store/nnmdax556f4gs5xrqlz6fiyys482ljc6-retry-0.9.3.1.drv
  /nix/store/9ypg7vdyva64rj110y5ws1sr9qcls4dw-auto-update-0.2.6.drv
  /nix/store/af4b3nv7nns6aqm9f94f2vvqwkxm0w8b-psqueues-0.2.8.3.drv
  /nix/store/2h1c9k6chggkgympla4vr29fmjjwg1as-cereal-0.5.8.3.drv
  /nix/store/ddz18ylcgddh3is3kqmmwdfz0b8iy0sl-crypton-x509-store-1.6.14.drv
  /nix/store/yh1jj8yli7dwdh1bnjji5mj09813g3z3-half-0.3.3.drv
  /nix/store/rkdjg3w8fp886pj2jynvdbmdahs0v6i2-cborg-0.2.10.0.drv
  /nix/store/pgzf2mc6k8psyb6wlpn8sl0p0133vkv5-serialise-0.2.6.1.drv
  /nix/store/qcc7war6wz0w2535v3i2a7zgg4f40gcl-unix-time-0.4.17.drv
  /nix/store/qqjh7pfnf9j0l8njv0blp2b4djmxb8ki-zlib-0.7.1.1.drv
  /nix/store/31cixmyhqafss9ghgcz5fjwhdb540y16-safe-0.3.21.drv
  /nix/store/d0g6bzpx6y95hjr7hjbxw8fsz9dgmqd9-appar-0.1.8.drv
  /nix/store/gv9lkxii4mwksinz7hmx8fy8amybcksd-byteorder-1.0.4.drv
  /nix/store/l2d5dqwwgcd8wnhh9k16crhbah23b9nd-iproute-1.7.15.drv
  /nix/store/vaw18jrd5br7wzdb1xph687hbi5sl3f1-crypton-x509-validation-1.6.14.drv
  /nix/store/mfwmiarwka11nf4mcbk4z3l3sy2s1kyz-tls-2.1.8.drv
  /nix/store/znvr962cvjz66nl5jn8966bal19i8di9-network-byte-order-0.1.7.drv
  /nix/store/yh4r6ijkak5jpsvk6yl4pcn22wga4qg8-crypto-token-0.1.2.drv
  /nix/store/azppn7lw6hp5fcripz5sg8830idfa48x-tls-session-manager-0.0.8.drv
  /nix/store/glyrbj51l9ss5xxsy0wg03f406h2fqba-vault-0.3.1.6.drv
  /nix/store/m1khyzd0vryy21hbmzmzlh4i2i78f3ia-wai-3.2.4.drv
  /nix/store/xa4nf6d58rv16sk15q7sa7bpn571mrqk-streaming-commons-0.2.3.1.drv
  /nix/store/y05ql9939j74n7wg1i3kcb1wjrbhry9p-recv-0.1.1.drv
  /nix/store/s4dzdbzf39cn6icp9a2k0wxg8bzd3hnq-quickcheck-unicode-1.0.1.0.drv
  /nix/store/ia2amm1k62fb1jnpvl4azmj8f2bdvcmy-attoparsec-0.14.4.drv
  /nix/store/yzdmxr8bfwycg4v6wp7h2cvprxz0z2am-blaze-builder-0.4.4.1.drv
  /nix/store/23fcqfrp8ms9j0qx9wrb2cmswciig2vw-bsb-http-chunked-0.0.0.4.drv
  /nix/store/33kwdxdzgmw5njzwjamilrjn650v2dj5-time-manager-0.2.4.drv
  /nix/store/gg0q5km73agp9j5qvri74d98p0xalgax-pretty-simple-4.1.4.0.drv
  /nix/store/ldm8wbalym88zn019sn5nvk87g9lgk69-network-control-0.1.7.drv
  /nix/store/q4338zgfpdalhf19rwcl23azk385ckd0-http-semantics-0.3.0.drv
  /nix/store/vhm7ncri1lbimmq6g8yacqnbfbwp09yb-network-run-0.4.4.drv
  /nix/store/2wmgwh66gxka23kkjv21rgds8h3lbvkr-cmdargs-0.10.22.drv
  /nix/store/59pgzkdiyx5rfd63c1mhhac09flcj981-attoparsec-aeson-2.2.2.0.drv
  /nix/store/w4jpkxfpscqm46q13v4ws567mfj13nyv-aeson-pretty-0.8.10.drv
  /nix/store/59n5axz9v2izvgizhq8863bsgwzg6mc7-http2-5.3.10.drv
  /nix/store/3480q2li78fvzwbrx0c55bdlcbwj3fpd-unliftio-0.2.25.1.drv
  /nix/store/h94vi5bh0ixa0lj1l7sa0xhiimm0l6pb-split-0.2.5.drv
  /nix/store/6jpcgsqldhq7iksv7cx5bddz6lvrvq5k-quickcheck-classes-base-0.6.2.0.drv
  /nix/store/wj3x4nh5snygypyhgnmsi70ps6djiw3b-primitive-addr-0.1.0.3.drv
  /nix/store/zjyqq07j64ahryxr38kcxrbz2sqb0fg3-semirings-0.7.drv
  /nix/store/qp6kbc70lm5c1zza58indc6qgkvyj40d-quickcheck-classes-0.6.5.0.drv
  /nix/store/dndx8kpimgi80rkb7gayn8sy1n0dyhvn-bitvec-1.1.5.0.drv
  /nix/store/i99bai0v3nbwiqmd574pa2sm8lj6fa7n-vector-algorithms-0.9.1.0.drv
  /nix/store/ycyjrcfs1xzca41r15kq4xlsshla2wkm-foldl-1.4.18.drv
  /nix/store/6w4kqxxmqsizljb55yc3iwx61jj1dzyr-mono-traversable-1.0.21.0.drv
  /nix/store/c0d136nd1q9aji7xk4dlivzxlkndp5wz-conduit-1.3.6.1.drv
  /nix/store/fxcq64my36l0q8vl5idp4iqmgpa1r6sa-easy-file-0.2.5.drv
  /nix/store/p7c0h0gr0zkspd8ghmpmx5p11sjn3x1y-conduit-extra-1.3.8.drv
  /nix/store/8zqx533d8czzkff3336nj06vn7lx7iaw-simple-sendfile-0.2.32.drv
  /nix/store/awayx7a52nim60mgxxdyx5w5yri2826s-word8-0.1.3.drv
  /nix/store/g8v9a6lnxy43hlyyxsjp7axrj5pya8sl-http-date-0.0.11.drv
  /nix/store/9sf86ircp4fvp4dzs4lp9fz54yrv8r3q-mime-types-0.1.2.1.drv
  /nix/store/zdr1zf10fbzph0piym71agdvpwhxk4jb-data-default-class-0.2.0.0.drv
  /nix/store/hqx7rixj7ijwl49pvc57ymhpl5mimkl1-cookie-0.5.1.drv
  /nix/store/jjjykd80vc312i60rd0ccixjnpdgjd14-http-client-0.7.19.drv
  /nix/store/zq7sm0n444p3kkzx543y1nmnni2i5jfd-warp-3.4.9.drv
  /nix/store/14pli7zrx5nzlkjb6k63s8rnkkcglmzi-warp-tls-3.4.13.drv
  /nix/store/14rhkpi6jsjig3zr6gnd00cj7sjmv5l7-python3.13-pyscard-2.3.1.drv
  /nix/store/r5dw1zjiznsq3lwpwqlhdg0ib70k5ar2-lua-5.4.7.drv
  /nix/store/i6qdmkdqj8mmsi0a46sy8azpvib0avjl-lua-2.3.4.drv
  /nix/store/iaibp597sisg6ppp3hdym75fmra86lz4-lua-arbitrary-1.0.1.2.drv
  /nix/store/5rcyzbaw20q2nlmzq4gbiknbzl6y71sj-hslua-core-2.3.2.1.drv
  /nix/store/14vdy3zq1z4vgn6dsld7y184qr3r759z-tasty-hslua-1.1.1.1.drv
  /nix/store/17cf5081xg0kvq9j7a48axpa81k50mbz-security-wrapper-su-x86_64-unknown-linux-musl.drv
  /nix/store/17j94zax8h8ccp04j9bydphzhxrkvb4n-webrtc-audio-processing-2.1.drv
  /nix/store/1w5wj4ykzmja3sh5vvg2pibpnvciq1ji-nano-8.7.1.drv
  /nix/store/mbgrk0ja3icr22j3nx8qavcd04q0g8hj-nftables-rules.drv
  /nix/store/rrl61rwmxgmzfw9w4hk08xnk74616fhm-unit-nftables.service.drv
  /nix/store/kkh8xpdy8nzrfgxcl54c504byzdsn8pg-system-units.drv
  /nix/store/62i7fyjzbw683mkskqd6llc43jc2asxc-etc.drv
  /nix/store/7lspa5kf6m076f7i7x8vc2dcrcwfzk8g-activate.drv
  /nix/store/22pdwk1a5jbf0y5gakhfmnfzv3k3yx4h-nixos-system-intranet-coder-26.05.20260308.9dcb002.drv
  /nix/store/3hv25pbxql4v3nvfaf78zwcd06f7cljh-fc-cache.drv
  /nix/store/ml3k62p6f0bnxgcpg0gjnagyxidg81jq-fc-00-nixos-cache.conf.drv
  /nix/store/1lglawp9g463xn3ns67fqgq0qbn74qi7-fontconfig-conf.drv
  /nix/store/284vjc3qb2pvn1w0qr17wvdmrbp3aq35-fontconfig-etc.drv
  /nix/store/245ii4597alqakp854ywxzxbmyb1i211-smartmontools-7.5.drv
  /nix/store/4npfhyq2nhhknpwcxxni5rvd79mjkgfh-cyrus-sasl-2.1.28.drv
  /nix/store/6z7fxk1kkqliy9h5rhgv5dvb61yk35vf-openldap-2.6.9.drv
  /nix/store/r342fx13z1msg2gw0xy6qiwrxkz27c99-libtirpc-1.3.7.drv
  /nix/store/36nkiiw0r490d7kmm7xr6li1z38zv46f-nfs-utils-2.8.6.drv
  /nix/store/4qr8fvhxhbylv6jssva06fbh7j0049an-zfs-user-2.4.1.drv
  /nix/store/2jf73b6zvl1pmh99wih4p7zxfc5rsrcg-etc-zfs-zed.d-zed.rc.drv
  /nix/store/l9c0v7ziz28xsp9ikb0h3lzybnmmgmvc-icmake-9.03.01.drv
  /nix/store/55kcjj6f8nr1r0cw0nsn3ipwz0yv8r9x-yodl-4.05.00.drv
  /nix/store/qdqikwa13grvv1kskdxfi4qhwphxnwgm-zsh-5.9.drv
  /nix/store/41cpg0wy7ncdbx9r946z3x6rsac1dfrl-etc-zshenv.drv
  /nix/store/n1f0pmxqngvvfmxi75r43hbq73krm9s3-system-path.drv
  /nix/store/qbxkfcrix2x9i9d5dxbgpd9rlaxxm36x-dbus-1.drv
  /nix/store/p3jsrjil4zvnsai4fcflvdmj5mky6mqh-X-Restart-Triggers-dbus.drv
  /nix/store/dgcylc885hmzsbq4bgpmwph0hxwdc66m-unit-dbus.service.drv
  /nix/store/3zsdb39m55rwrj3n1x1xbjmxzqh2zkf6-nftables-rules.drv
  /nix/store/f1bx82f69ww4vn4fjzyb65i91bx804a6-unit-nftables.service.drv
  /nix/store/kiik5d1khw77cggvy7adx3lk4pczhdaj-unit-nsd.service.drv
  /nix/store/9dgpwxdnyynn7vhx8qzdj2gk10g22vir-system-units.drv
  /nix/store/3w5mpcyy3yxq09nhans7w315k94lgpnb-unit-dbus.service.drv
  /nix/store/r8scjy5abrq1f4agwmnylk1zagycjqq1-user-units.drv
  /nix/store/m23d4zqzmf6mz1wzlrp0d2dd4l8qaz83-etc.drv
  /nix/store/ijnm25lpvqw4kishdrmk4m1b3qpd3h8g-activate.drv
  /nix/store/4rjmy2qlbhy6qkchnsq7s1n14sflmw7g-nixos-system-internet-dns-26.05.20260308.9dcb002.drv
  /nix/store/577cffn54cgw5qy41q6q8crqvngw2fax-nixos-system-internet-email-26.05.20260308.9dcb002.drv
  /nix/store/cy5q9zr7ghbjzi6s06ygd7lxcsi4v66g-unit-nginx.service.drv
  /nix/store/qa2gini72zc9a0lkh5rlhym1381bzd28-X-Restart-Triggers-dbus.drv
  /nix/store/dxbvranbrjyj2kkdrrzx7aszdj3siyhm-unit-dbus.service.drv
  /nix/store/j3fkz0ss4nfnjs7mqz24j3lbvm0446yb-tmpfiles.d.drv
  /nix/store/gz4793nkz1ci7jfnfdvzs0b2wc40p1xc-X-Restart-Triggers-systemd-tmpfiles-resetup.drv
  /nix/store/irkmcngl41kbpfrpy963p81mybh52mlx-unit-systemd-tmpfiles-resetup.service.drv
  /nix/store/lwbmfbzj5kslzmh90igigxqa0875jjkv-unit-logrotate-checkconf.service.drv
  /nix/store/vyxkw5rfl8pxqi49lgv10l9asi3c8mhg-promtail-3.6.6.drv
  /nix/store/mnzaak5p0axf44d2arlh032ll3zki0s2-unit-promtail.service.drv
  /nix/store/mw2l95w4p9ahbsyn8sp3nhnhf3bqz6gn-unit-logrotate.service.drv
  /nix/store/qnmrk32z5hy0fn3prfpq8bfhzj934r0a-unit-prometheus-nginx-exporter.service.drv
  /nix/store/w8fif6847nwvm0r3vvzbp1pqklvmk10w-nftables-rules.drv
  /nix/store/xsl3r21900pjmdhi3vbyqqdpf1lwdaix-unit-nftables.service.drv
  /nix/store/1wf3zq1gijgncbfiq859hipyhzb33zwf-system-units.drv
  /nix/store/lpgv39p23sgfxjaygn3ifphshqsq6270-unit-dbus.service.drv
  /nix/store/n52i11j5w15zvmjfzpc5w8zrz47rqjyi-user-units.drv
  /nix/store/vmk2bapq7c52qn3jx597b509jyfb8wlg-etc.drv
  /nix/store/apf5cmxjf2i9plkp1dsh5cy0f0s2f53a-activate.drv
  /nix/store/5xzpz9d7azz83pvshj9s58rk8ifgr9d4-nixos-system-intranet-gateway-26.05.20260308.9dcb002.drv
  /nix/store/h0pbj97fvh4k9zgfcx0bvsdzl73f1kd5-unit-promtail.service.drv
  /nix/store/p3s7mw684d016xxnhvbvszsrwcym8wkh-nftables-rules.drv
  /nix/store/q85cg7pln9b1in9krnzlljw62qpxzyc6-unit-nftables.service.drv
  /nix/store/r8mcxn6bbyn4plkf2lvslpc2p61d0r0w-unit-nginx.service.drv
  /nix/store/z18b9rycsp21lvsljsmpjr8rax9swidm-unit-prometheus-nginx-exporter.service.drv
  /nix/store/43kphmdhy8k5ivyw5q5wk3qppzh311ch-system-units.drv
  /nix/store/qcsrv3xmncxsx9ypdqbrmaky14a6qhwx-etc.drv
  /nix/store/7nvsch7qnpxzcxydg9a4a4jxrm42vr83-activate.drv
  /nix/store/6gb186vfaaraa23qkyd571w3h50rn9yj-nixos-system-internet-gateway-26.05.20260308.9dcb002.drv
  /nix/store/3d0g09wy16bbxr8pajlpj0a2mnlpmz87-re2c-4.4.drv
  /nix/store/79bfrbb42dlgk7mzx3zial5bcxvw94a1-python3.13-pytest-asyncio-1.3.0.drv
  /nix/store/p7nx0qdggifajns61kmz0cwylyrh75cy-python3.13-pytest-mock-3.15.1.drv
  /nix/store/6vbj46cn4hvii9lg506kzkdc2xc1ydp3-asciidoc-10.2.1.drv
  /nix/store/pvp3nqj0h30mj4j59kgcm3sb16znamzk-ninja-1.13.2.drv
  /nix/store/mxd4sbjpxjyv4v1qww07a02bzibslmrx-meson-1.10.1.drv
  /nix/store/2bn1im81dlvhiq48krjldrn11q1qai6g-xorgproto-2025.1.drv
  /nix/store/h40smymp8czjrd3vswdqva0mdv5rc3kf-libxdmcp-1.1.5.drv
  /nix/store/h9alg48nscqgs18hlmqbvvzsb3bjv25m-libxau-1.0.12.drv
  /nix/store/ma4khb65g5gv2kbsbcia3zcqrs7pqnlm-xcb-proto-1.17.0.drv
  /nix/store/b30qjs39cx3rqykzh22dkinm6hdj0dqw-libxcb-1.17.0.drv
  /nix/store/g9fdm911k4xpi18p9pdaa54qv30r38p8-libx11-1.8.12.drv
  /nix/store/akyk8hhwka0lgphgnssf62lx2hqz6rc3-libxext-1.3.7.drv
  /nix/store/jaa9fv11bxd0hixy535bfrbi9k9spkl9-libxrender-0.9.12.drv
  /nix/store/209yg72c483q80p005fddakrpbg4zhmd-libxrandr-1.5.5.drv
  /nix/store/82z650x66rlv1g8hf5z03zjiy5rvllar-libxv-1.0.13.drv
  /nix/store/dbi2d7yb14jh0w80a51g06qnbprxy5nh-wayland-scanner-1.24.0.drv
  /nix/store/kv4d96xv9ywa0ssqp8l1grv59vyb0pv8-libedit-20251016-3.1.drv
  /nix/store/4j032pcl12z2qvy72zvdhzcawqfvffn2-krb5-1.22.1.drv
  /nix/store/5c1xvplrnlqz5x3n6npf3cdliiigdmh5-curl-8.18.0.drv
  /nix/store/dfjal4xxr60qk1ys2xqz8yf970bsarsc-cmake-4.1.2.drv
  /nix/store/3p39m7mfwyjzrnmr6cl7j960jw009352-libdeflate-1.25.drv
  /nix/store/3sag70s0msgbzjcn9ww9wpm8iarqzcfg-python3.13-imagesize-1.4.1.drv
  /nix/store/a9ygygqsnir5gifdllz7gxzf1jcf1h58-python3.13-pystemmer-3.0.0.drv
  /nix/store/44dwgbfc4lgmk3k9ym030yka1pnx60vd-python3.13-snowballstemmer-3.0.1.drv
  /nix/store/7cvw2x0brfhvk10s0s506wk0cldwvj8l-python3.13-sphinxcontrib-serializinghtml-2.0.0.drv
  /nix/store/7vk3anylj7rcwpdczcbbdvr18lxycq2r-python3.13-jinja2-3.1.6.drv
  /nix/store/85fybh9riz4xmlyp0vn153k9la3rxszr-brotli-1.2.0.drv
  /nix/store/djlffr2lf1al0x9srv70wpws9b89vl26-nghttp3-1.14.0.drv
  /nix/store/39jdfm37nw32yyhamjqasj6z8wnxp9n9-ngtcp2-1.19.0.drv
  /nix/store/fn39bk7i6arrm092p71av744gjgv2ngd-python3.13-lxml-6.0.2.drv
  /nix/store/x45i3391fyp6z6ssxgjapww8ncvnfaqp-gtk-doc-1.35.1.drv
  /nix/store/q0yc6ghnn3631z4hg82rc2yxr6fvxxff-libpsl-0.21.5.drv
  /nix/store/2kad2s0wvzjlhs9hf5091a9l7hl6cv1p-curl-8.18.0.drv
  /nix/store/6jdg59969w2js4phm9iql36gqx0fsnvc-gtest-1.17.0.drv
  /nix/store/b3s65i4cllvrab54y2w26kqxxmh97iqp-zlib-ng-2.3.3.drv
  /nix/store/dixmlpm61kwswpqc46y6ikbnph4p2s10-bash-interactive-5.3p9.drv
  /nix/store/phbg1ajqssgpf5s1z2xjd72pzbdm4w7h-git-minimal-2.53.0.drv
  /nix/store/ky1aw77i9x06zdvg4ab2j1jyxafbawrj-python3.13-hatch-vcs-0.5.0.drv
  /nix/store/hyim3k5g18l5pnxgsnlp59sa972l792w-python3.13-ptyprocess-0.7.0.drv
  /nix/store/79hd7qss8ilgp4fcc1khb845kynh1m7h-python3.13-pexpect-4.9.0.drv
  /nix/store/lx7qlg3qxhh3qbp0kwk2975jh1j2l9pk-python3.13-pytest-timeout-2.4.0.drv
  /nix/store/4a2rjjxn47j5807kpw9r9zlcw07qma3y-python3.13-filelock-3.20.3.drv
  /nix/store/caj9f9227a4cq5ssk0x88djr3hc37993-python3.13-zope-event-6.1.drv
  /nix/store/46k6dc1v4xil53lgjjk6ybhqvfwjh7lc-python3.13-pycparser-3.00.drv
  /nix/store/ga6ci6qrp7m45lkrkqi6pwrymvnx71xz-python3.13-cffi-2.0.0.drv
  /nix/store/mpiwpbsnia14g5ai6xkg0w5ny1aqbzln-python3.13-zipp-3.23.1.drv
  /nix/store/z06w0whhhdyd8mzxrglklcal7h2vwfrg-python3.13-toml-0.10.2.drv
  /nix/store/hsva4cnx8r50jmr4sgaaianz6v7095py-python3.13-importlib-metadata-8.7.1.drv
  /nix/store/m3c3imrw8c1jbprz29q5iad5c25fzzcj-python3.13-greenlet-3.3.0.drv
  /nix/store/q9a6rwqvgw7w417lmhff0sxz5jf4ydn8-c-ares-1.34.6.drv
  /nix/store/xwbdcrkk9rwd707mvlpqigxjpyiy1p18-python3.13-zope-interface-8.2.drv
  /nix/store/yg66a0957zvfdnqdap82zi855iycx4m3-python3.13-gevent-25.9.1.drv
  /nix/store/93sfjk8v4d0fnzbsspal38wms20gk5m0-python3.13-execnet-2.1.2.drv
  /nix/store/92m5qkrm1nvx30gwnqm96divmi4q4wgv-python3.13-pytest-xdist-3.8.0.drv
  /nix/store/d44r5dvfs01j1gsg307nblsjm19pl14y-python3.13-sphinxcontrib-devhelp-2.0.0.drv
  /nix/store/frgcpqn5yk7cgcb4fph4xw4n55fj2x3j-python3.13-sphinxcontrib-applehelp-2.0.0.drv
  /nix/store/7d1x82w76dlayl4clkkmw9cqa1v61kkx-python3.13-urllib3-2.6.3.drv
  /nix/store/7c6d35p0hkf7bmj5a9prdjrp6ds5yn7y-python3.13-buildcatrust-0.4.0.drv
  /nix/store/vprz6qgilc37cq5b12mpnp4hcqg3lrby-nss-cacert-3.119.1.drv
  /nix/store/i2fb0908d0y3ldfwfxm7prds2f5cxq42-python3.13-certifi-2026.01.04.drv
  /nix/store/9wfrhkjgkyqz0sr4r9m6lvcb74hg3jly-python3.13-attrs-25.4.0.drv
  /nix/store/ajd28cvrqrlff69rf3ixfd7f3ljvanzi-python3.13-mypy-extensions-1.1.0.drv
  /nix/store/ax7sxvad6ai4ba5vrxlfs817ark2n6v0-python3.13-tomli-2.4.0.drv
  /nix/store/l03arpaarzjcrmyhz1nb0604yr17pjmm-python3.13-pytest-instafail-0.5.0.drv
  /nix/store/azmzj5gbawda9b3zxfywcggvb33zd6ib-python3.13-psutil-7.2.1.drv
  /nix/store/libvrb7q81s3ny9hwmhkih3dm00khzrq-python3.13-types-psutil-7.2.1.20260116.drv
  /nix/store/ln8306k2wxlx4mmy7wwxxbzv1slnzara-python3.13-librt-0.7.8.drv
  /nix/store/s7kx8wikyviqjbgc856dnl8fyvs9znqi-python3.13-types-setuptools-80.9.0.20251223.drv
  /nix/store/8nysn24fxzzb6hpiahvfflj6sqyackn5-python3.13-mypy-1.19.1.drv
  /nix/store/ldc5kyg3j218lp745ss2agn4f2qvvxkv-python3.13-charset-normalizer-3.4.4.drv
  /nix/store/mblirazcdcrz1nw2z1ma3wsv2p878ql9-python3.13-pysocks-1.7.1.drv
  /nix/store/mi2kdr6jfwhx6rwl5wfwva18vam7lyrm-python3.13-idna-3.11.drv
  /nix/store/h32245i5fys64b0prms81bi6mgg9gihm-python3.13-requests-2.32.5.drv
  /nix/store/m6vxdr4f1qfs03wvvsmpdc8njgylaqy1-python3.13-sphinxcontrib-websupport-2.0.0.drv
  /nix/store/nmn2dmwpfjfcxk2s3pf94v5fq49yybx0-python3.13-sphinxcontrib-htmlhelp-2.1.0.drv
  /nix/store/pgc0h3h1y5qxr61pm27nag36dfqgq0hy-python3.13-alabaster-1.0.0.drv
  /nix/store/pwfi1mjf9ywnhi1n6rhzckwhcpfd0wwj-python3.13-sphinxcontrib-jsmath-1.0.1.drv
  /nix/store/q2j9qx4izzfaw6fmd2yvyg5bfh0plikg-python3.13-sphinxcontrib-qthelp-2.0.0.drv
  /nix/store/w6b8dv5q7ldnh0ic229v82iy5lakhdlp-python3.13-docutils-0.22.4.drv
  /nix/store/xls9bwbbx0glv8w24y6lf50lhk25pszb-python3.13-roman-numerals-4.1.0.drv
  /nix/store/z4q5ka71mc29m1785cghppfz7k08dzi0-python3.13-defusedxml-0.8.0rc2.drv
  /nix/store/6ngnny4dsx5q7az7yx37i7iyfhrl8cca-python3.13-sphinx-9.1.0.drv
  /nix/store/phkzs9na41byyd2blvx8rc445gp061kf-lerc-4.0.0.drv
  /nix/store/vajs0qyhqmv1m5iynxdjk4f3kvx8qr38-libjpeg-turbo-3.1.3.drv
  /nix/store/vlaxl7k2vqb40c801cr4nqgw8w251sv1-libwebp-1.6.0.drv
  /nix/store/sk2di1y965zxdcclkpfz5h2fr9i0gxbw-libtiff-4.7.1.drv
  /nix/store/a2wxi65f8yh5w3z7pr1varak4xckj3sc-libwebp-1.6.0.drv
  /nix/store/zkyi44x68j9nvs5b0h58g6lr6q3n2y4g-libice-1.1.2.drv
  /nix/store/rn44v41wn40ndsg9ysaif8vqpy8x5h6w-libsm-1.2.6.drv
  /nix/store/l63q4z6ks1iymszgzivj2dwcnivck2qq-libxt-1.3.1.drv
  /nix/store/cck4x57bq2pw5p09bp28fay7j19q29qb-libxpm-3.5.18.drv
  /nix/store/wis56nk51an4ii156kfw1kjpbr8bpaxl-libvmaf-3.0.0.drv
  /nix/store/47wnp0hyjjkrz2118mv1gqa8lwryfcyq-libaom-3.12.1.drv
  /nix/store/4dlkqy4crrfxwapmw4ynlzrhmy6girfs-libyuv-1908.drv
  /nix/store/ihjp5hhjgfnni4anv7c3mjbadhrbiqci-python3.13-pyyaml-6.0.3.drv
  /nix/store/dqhlq0bfbr82sy1nwhxldwwxbbrwm1ih-python3.13-markdown-3.10.1.drv
  /nix/store/cmkh7npqympqj1ld2bv9j9ajqi8mm9vd-python3.13-smartypants-2.0.2.drv
  /nix/store/ib6fsmgn5y7izzdzjq74jv93hd64kgwl-python3.13-typogrify-2.1.0.drv
  /nix/store/c1y2xsw3jmw17fhf3xqyg736s6wn6l4f-gi-docgen-2026.1.drv
  /nix/store/860snhbalwbp5byzl1ba93vblp2p9yw9-pixman-0.46.4.drv
  /nix/store/94mnanjygazg92xm6bqai67gh75b199h-libsysprof-capture-49.0.drv
  /nix/store/b3a8v0s56fqcqvlgvi8axpgpbs6a8gfs-libselinux-3.8.1.drv
  /nix/store/559d5hbkmdl40ybaksnk2vj1ak8jr90r-python3.13-pyparsing-3.3.2.drv
  /nix/store/3b327l5k7mwh5df2vmvdpzxdyndyy4lf-json-c-0.18.drv
  /nix/store/a34zn7ycykiarpyb7wj9d68kskxz8q09-p11-kit-0.26.1.drv
  /nix/store/7xx0j1bnjsdg5jdvhsq9lmh5x6clrxp9-gnutls-3.8.12.drv
  /nix/store/c3145mrk63a52zd82fbf8cp4nzhj0yky-libmicrohttpd-1.0.2.drv
  /nix/store/mx1pa0rhjj9rvfljrbzz4r56a640b5wh-elfutils-0.194.drv
  /nix/store/8308w6rkhsxdvyapw1grrrzd3vyjcd9y-systemtap-5.4.drv
  /nix/store/dnz097kv3cpxsa20z7l3mvmqacz80jpq-systemtap-5.4.drv
  /nix/store/w0mkavca1licfhp97rppm9r4svm8kj08-libsystemtap-5.3.drv
  /nix/store/jqm3hfq6zmb9na0ahp9qh0a740pmiscx-glib-2.86.3.drv
  /nix/store/lgzw28cjcqccs1a8k7k9nqvpr8xd10l2-python3-3.13.12-env.drv
  /nix/store/j9wlj0v3xx4xzcq7r26azi83yybv4yrr-gobject-introspection-1.86.0.drv
  /nix/store/8vl3b7p39nf3ypwm1qgwalna86sn38dh-gobject-introspection-wrapped-1.86.0.drv
  /nix/store/ic9p483mxx1p8drra3ri1fg21xr9gbid-glib-2.86.3.drv
  /nix/store/kzk995kl1lmvzb7v2ghs7srpzdap9lr4-freetype-2.13.3.drv
  /nix/store/51sxlhwwh8538rrnxpiy7gx2lipg49af-python3-3.13.12-env.drv
  /nix/store/kz3b7wp0z7d8vr770vj4ddgjj414c6y3-woff2-1.0.2.drv
  /nix/store/2f0b5lf9n2bn6aq24amm42dv779fnzg8-gnulib-20241001.drv
  /nix/store/9dd58v10p653xnms43k9c2lkd7grvb5f-man-db-2.13.1.drv
  /nix/store/w2dzivxvkksar1c9vnmswc8zkss865g3-w3m-0.5.6.drv
  /nix/store/xmk9d3049msrzw9p2gz1k95k1mscv7qq-xmlto-0.0.29.drv
  /nix/store/w7jshbrmb4rb2nxwrrsf4q5dxrzjdnix-zeromq-4.3.5.drv
  /nix/store/wh0nb5mzdxr4bvciqh5shk3ij1r0y5xz-set-python-sys-path.patch.drv
  /nix/store/m9jqh9im4h0gcl6ky7zx8j1rl5kf2r2g-fontforge-20251009.drv
  /nix/store/66p5vj4dj8xgwfqlsknlkgn9ldsd0ydf-dejavu-fonts-full-2.37.drv
  /nix/store/r2xmpqkmvwwl3vg2397grgzi7hgdkzqs-dejavu-fonts-minimal-2.37.drv
  /nix/store/wml0sjlsg6z1ryzs2p6n3lba44iv5vja-fontconfig-2.17.1.drv
  /nix/store/a71677pxfn9dxsw77v22ixilnw00gsk8-cairo-1.18.4.drv
  /nix/store/7qwzrrc8fy9mriv4jmpz8wf1dx98hj69-absolute_gir_path.patch.drv
  /nix/store/72y40in03r18n4dlcy6w6v2apij0km0r-gobject-introspection-1.86.0.drv
  /nix/store/dmyjgz7k8pv9wa6hadyg1i1j7qq3pi6h-gobject-introspection-wrapped-1.86.0.drv
  /nix/store/acq4g0yr6pqh7hzjqqksscxa5baiakhc-gdk-pixbuf-2.44.5.drv
  /nix/store/cpb3zjfi5l0bzxsj8ylwnz0wkrrfxnpd-xxHash-0.8.3.drv
  /nix/store/jgfzsr2yqyx1fp3z4xcpbww2crjwsqcl-dav1d-1.5.3.drv
  /nix/store/ir66mdfd5blyhmrjlx974b75hzpc44jd-libavif-1.3.0.drv
  /nix/store/4lz98752namrf5wn7pd9fa2zzxxdmsb7-gd-2.3.3.drv
  /nix/store/k2d6mi9xrb1cpgj9nq08p9zx4dqy33sy-gts-0.7.6.drv
  /nix/store/x1w72fh96vp2pmb7b12ikvdajspm8bg2-graphviz-12.2.1.drv
  /nix/store/7fclc9zxxrhjrjch7dpqv06iphdfddi6-fmt-12.1.0.drv
  /nix/store/qiwjmi1kg0lcrfs24bq1a15ihq76clyy-catch2-3.12.0.drv
  /nix/store/zjf57p40dsqc0iklivzr2d8xfasqnfjg-spdlog-1.17.0.drv
  /nix/store/xc05cpw99yqd0rn49mznbmnqflhcfynf-doxygen-1.16.0.drv
  /nix/store/bwpp2v8g92km4irlxai6br76rikzyhhi-wayland-1.24.0.drv
  /nix/store/8wz9vrrma583mlxbdc9mkxazxwrv7zn2-kmod-31.drv
  /nix/store/rzxhs6hs8hjpa95sb2w1nch5xm9szdr1-python3-3.13.12-env.drv
  /nix/store/kzargfn0syb0n756fhipa1cmfjamiw7y-python3.13-pyelftools-0.32.drv
  /nix/store/nkwlr5f92mkgry5hgqdpa2fpxd1kc06v-python3-3.13.12-env.drv
  /nix/store/fhc00pnmlbrjxdwl8cbkl298rzhpqh6i-auto-patchelf-0-unstable-2024-08-14.drv
  /nix/store/sfb2nimniik4h5nrncbhhj0l1wndrgl9-auto-patchelf-hook.drv
  /nix/store/nvcn81aljhhmzpiddqzsm094mkgay8n3-systemd-minimal-259.drv
  /nix/store/5bs325lz81nm9f9mlw3xvb3xzklcqvna-crossfile.ini.drv
  /nix/store/ddp29c4ylabjvr79v2r8m9zq5zrpfyvf-libapparmor-4.1.3.drv
  /nix/store/ffl7kl3az8srb7gmx279qq42a8pq8s6h-audit-4.1.2-unstable-2025-09-06.drv
  /nix/store/ff3i0y9b0dwfh6xrjmjc0pfzvs572zgn-dbus-1.16.2.drv
  /nix/store/g0wa0xwnjkxs1sihsvzlvkl08qpc0arv-libxv-1.0.13.drv
  /nix/store/k7qrph3bpcnn6rrdiafq7m4rvcqpfl51-linux-6.18.16.drv
  /nix/store/pqmp9w6zp98xcfdpfxq4pig823ngpxic-libglvnd-1.7.0.drv
  /nix/store/i165qqa68fw63glp7ccw8g586zhf412m-libpciaccess-0.18.1.drv
  /nix/store/zprkdqgla20a0np0w1j6w994fvvbapbj-libdrm-2.4.131.drv
  /nix/store/zhwy62c78smxqmz5i69m49mia6vjsg8r-mesa-libgbm-25.1.0.drv
  /nix/store/7fqf2w6fgszmhy32dgsn9fi6g6fyxq44-nvidia-x11-580.126.18-6.18.16.drv
  /nix/store/7ji7158pm0yyncy8dqlw6miv4a9hyzc0-chsh.pam.drv
  /nix/store/7q0isnr7winiyir3xdxjq9rza6r5ap4q-jemalloc-5.3.0-unstable-2025-09-12.drv
  /nix/store/n1kv4cjkzvbwi1sqcvgbl12vbv7fdk74-protobuf-33.5.drv
  /nix/store/lpr052dr4mcbiwakwxpqaq75hg5s52f0-protobuf-c-1.5.2.drv
  /nix/store/1cha0xq26f73ga23snmd1gibw0zwhcgs-bind-9.20.18.drv
  /nix/store/8viijc3xvl5y91kphl7l6pazi5dg5zvv-python3.13-tomlkit-0.14.0.drv
  /nix/store/l8l4navixa5dsq6lxk32rbr6szaf9a66-python3.13-xmltodict-1.0.2.drv
  /nix/store/1iyc1xmfsh9ppirs1ss665z401ajwgpf-python3.13-yq-3.4.3.drv
  /nix/store/3cdxb10xa738n177jim3idf8ws9g8z11-hwinfo-25.2.drv
  /nix/store/4cxpqy8pfi3x1zb95glylh64sc10xznw-libressl-4.2.1.drv
  /nix/store/b8x8sszzy0gvf5gfp8igdsphgyff1wx2-python3.13-makefun-1.16.0.drv
  /nix/store/x0j9zglxpqa41h5k42y5sswz4yf3an3s-python3.13-signxml-4.4.0.drv
  /nix/store/lgq7yvx755ahfxx7vfdrygqv1zrh4jm2-python3.13-python-pskc-1.4.drv
  /nix/store/v74c44ssa99jz5zbnd8sxin5qq55mw4v-python3.13-fido2-2.1.1.drv
  /nix/store/5c9l4lgkw1kkikahzc7r4dwyzp3p776l-python3.13-yubikey-manager-5.9.0.drv
  /nix/store/yvk8qyyy2ck5l9k3gv8002ql1j7xbmpp-closure-info.drv
  /nix/store/jrj1dzlnzjhmph0rdcfw4zld4k1xg01y-apparmor-closure-rules-ping.drv
  /nix/store/6mxlbhwfa6s2vpkc8s9h7hd87wdasvip-iputils-20250605.drv
  /nix/store/753dx8qi5s7k0hda4ggwar4rb8pig8q5-nixos-version.drv
  /nix/store/abar683dsvh9zxgcyyc8ika42b9dyrc7-libutempter-1.2.1.drv
  /nix/store/kg8ixgs3448gqi8k3di39na6bw8q2rq9-utf8proc-2.11.3.drv
  /nix/store/9jxm50jcnxgl7mimgbb04pnv60smpgya-tmux-3.6a.drv
  /nix/store/9ks5g1vb9a46hij2l3v6d7z5g158m9bf-strace-6.19.drv
  /nix/store/an5ljy7rx8sqg83cpd3w6mxwd7z4cwmx-nixos-rebuild-ng-26.05.drv
  /nix/store/bn2az97hxiadq21cj9b518vrsir2qxgr-gnupg-2.4.9.drv
  /nix/store/5vrxkbpv863fl87nd1h0zhinzkqf60c6-sysctl-procps-4.0.6.drv
  /nix/store/bjyyvblpdwzwsr5idrvb05frf0azs1ac-ell-0.81.drv
  /nix/store/qlvjqn2d2lm51vaasbfdhyvhiivriv6x-dbus-glib-0.114.drv
  /nix/store/y5mdq50aasmqdnxkx40z68spdyrb7sm2-python3.13-dbus-python-1.4.0.drv
  /nix/store/c1p6gvwfpd78kllj4ssmfzs99w60265d-iwd-3.11.drv
  /nix/store/cb9bnafs4v3j27n5khpq6mgd9j04mbh8-pigz-2.8.drv
  /nix/store/qam1igab52w4x3qjb7inyynlhbhwzp44-python3.13-gyp-unstable-2024-02-07.drv
  /nix/store/sk0r6nzf1vljqdl07gamrc2lnakdjv2f-python3-3.13.12-env.drv
  /nix/store/6fij1agiqplq95w0zxb6b5bmayza1qlb-nss-3.112.2.drv
  /nix/store/v9pv09diibkfh8zqhj7vy9p9pvh0bh96-poppler-data-0.4.12.drv
  /nix/store/893qi1zc20sn2ivcyzj2bihbwma11qgk-poppler-utils-25.10.0.drv
  /nix/store/jzxq9k604lwh9lvxar0cz1wv266zc450-jemalloc-5.3.0-unstable-2025-09-12.drv
  /nix/store/y8k7xqzjzjm0bza0xdxa8lb17h7hxg7i-fd-10.4.0-vendor.drv
  /nix/store/9dn2c0z4h0y4clx60dxal5kpydrrykf5-fd-10.4.0.drv
  /nix/store/7kiaark95703iwc19gwzn7v20xjw7cqd-djvulibre-3.5.29.drv
  /nix/store/y2l81y2njw2ds0mcr69wl53db2d50i8q-imath-3.2.1.drv
  /nix/store/hf2ybgdrkm1zirmq44bnw8ayxlyfmfga-openexr-3.3.5.drv
  /nix/store/p0jnn0zqb74qh40lb8kwlh932qx1af3c-libhwy-1.3.0.drv
  /nix/store/8nxppsqsz1jn1hdamla0203678v8gq4v-libjxl-0.11.2.drv
  /nix/store/dxm1x8wkrbzljsyy0g0y7lbx8k73yakj-liblqr-1-0.4.3.drv
  /nix/store/xyi8jsjzh7j36pd2y7r94ww2mlhkc1v3-rav1e-0.8.1-vendor.drv
  /nix/store/dsqlcj8cwbgakkya90npffj45mmwyyda-rav1e-0.8.1.drv
  /nix/store/nw52j3wskdir5i19q8mykksbkxlk9r89-libde265-1.0.16.drv
  /nix/store/ii3lrxzrgj465hc4wagidsibmsfifapd-libheif-1.20.2.drv
  /nix/store/j3g0m23dlqbw5ig40kw34icyg9kv9lyq-libraw-0.21.5b.drv
  /nix/store/abh0d0l2c62rrhcf5ky70k5v7q2q1yvf-imagemagick-7.1.2-13.drv
  /nix/store/pwysy7pfcqnww0dnyprk121s1bdiby40-python3.13-cbor2-5.8.0.drv
  /nix/store/xpzx50ngc5g5pxv0ca9ylghfm0hlkzqw-python3.13-rich-argparse-1.7.2.drv
  /nix/store/4pnag8s0vla3fbyhi3pl1lmp9arp8klg-python3.13-remarshal-1.3.0.drv
  /nix/store/x9raji7y37lgm83iirg4ksy2kvhnxy44-keymap.toml.drv
  /nix/store/h4sxqb8girscj3lmpgh0ql09mmlscxah-YAZI_CONFIG_HOME.drv
  /nix/store/hal4ixl8i9d9512j88y0bgdnn4qvy7hl-resvg-0.46.0.drv
  /nix/store/y8vhrf8kx6nkhfi08klx4zp7fhxddwfr-ripgrep-15.1.0-vendor.drv
  /nix/store/i80dpfa3qhhpcd7bzlr59kbli1q23gay-ripgrep-15.1.0.drv
  /nix/store/kpp451g62d62vrlkkldmzvr25s21b8as-chafa-1.18.1.drv
  /nix/store/q9bm55212cpyjp0hp1scc2h5j2zwacqw-fzf-0.70.0.drv
  /nix/store/yf66crbpp9crbd7jm2fv9li54853cmdd-zoxide-0.9.9-vendor.drv
  /nix/store/l4mm43r5alwdjsjyichjx16ln9prcsh6-zoxide-0.9.9.drv
  /nix/store/39xz23j24kzy2yvsr9nv86xr72v1l3cm-yazi-26.1.22-vendor.drv
  /nix/store/s1p65v4psg6dzdj6bilj9p3q7yclyg69-yazi-26.1.22.drv
  /nix/store/5y0mw2fbbcm8j130ndcbln2s5rpq0g3v-libvdpau-1.5.drv
  /nix/store/nqvrm6pzh4q7qbahawkr7764zaihrkb5-python3.13-tap.py-3.2.1.drv
  /nix/store/f01kw6q1csksxwd2d6p2lgbgv18pqs7v-python3-3.13.12-env.drv
  /nix/store/n0g6fwvclcv3342hi29xc0s8azwix92i-mutest-0-unstable-2023-02-24.drv
  /nix/store/bk08zxij26prqw2jgnxy82v6l3l2xrcc-graphene-1.10.8.drv
  /nix/store/fgipmziij1p2v8sy5g7r3298h54n4sg9-spirv-headers-1.4.341.0.drv
  /nix/store/v0i0chkxh2h4qvvpl5xllx91f26jpwm7-spirv-tools-1.4.341.0.drv
  /nix/store/qi8cq4l76x37878gyhiw1w7ms1j5pa4k-glslang-16.2.0.drv
  /nix/store/hj8h67dz2khfm8fif8jjgrb75jppdhf8-shaderc-2026.1.drv
  /nix/store/3zl585xswykcajfhn8m77sqb7zgk5wvj-python3.13-networkx-3.6.1.drv
  /nix/store/db7dzl4d7l0zk96cxggn46i4x7bsdb6x-python3.13-schema-0.7.8.drv
  /nix/store/k3kjhw01bpfmgjzfy6ik740bix6622wm-python3.13-wheezy.template-3.2.2.drv
  /nix/store/r7mhqrah3mn6g21gai2bq3af8w84x8i9-python3.13-backports-entry-points-selectable-1.3.0.drv
  /nix/store/riyj5hwxiplj45c4c448vdxk763m49nm-python3.13-dbus-deviation-0.6.1.drv
  /nix/store/sp5b4s0p1gdi3czr69qznbqw6cl2r6wq-python3.13-feedgen-1.0.0.drv
  /nix/store/v5iglv5xw0s0hgg3rvd2p02nxbdr18jq-python3.13-toposort-1.10.drv
  /nix/store/1nm46ghdpj3v9fiwplsjfjvhqyrkaa5s-python3.13-libclang-21.1.8.drv
  /nix/store/vi86wczncs1n382jyhlc7bg0ix1pbi9w-clang.patch.drv
  /nix/store/3dcjavzz4rs6p3b88br86z2xzgr7vc6h-hotdoc-0.17.4.drv
  /nix/store/7gwczxb810kx3svvdf15zfc0fffk9gal-tremor-unstable-2018-03-16.drv
  /nix/store/k4xdxfhk1v2mwmlisvn6rzb0v2qy1njn-gstreamer-1.26.5.drv
  /nix/store/x4cdyxxnyjj7w7vdl0510vgxyxxcw6if-orc-0.4.41.drv
  /nix/store/lzq3k4pcxh6l92jpwscw77y5by5zxwdk-gst-plugins-base-1.26.5.drv
  /nix/store/afahk9ghwahqs88k64j7zcyf8qczh7k0-sphinxygen-1.0.12.drv
  /nix/store/lapi7ikwhdp6d2anrifxyzslihf051kb-serd-0.32.6.drv
  /nix/store/yqnn7f3bm70a7c80d9hh7mkm33p9x6h0-zix-0.6.2.drv
  /nix/store/9265840sasf1ghx9a3sf3vj3vifnbyg3-sord-0.16.20.drv
  /nix/store/gn2pxh6xhdq1chvdqrk3rs7nikwpjqdk-lv2-1.18.10.drv
  /nix/store/30y2ipsdfkd7ksrif4cy47hmss6zi2rh-sratom-0.6.20.drv
  /nix/store/3wmm8gj3car3vf8zk7sn0fncq9fqymhs-flite-2.2.drv
  /nix/store/49k2m44fkpcjq6z3jj1343rwr72z62hm-usrsctp-0.9.5.0.drv
  /nix/store/2fw02vrarwi767zrf9pl6gvdh3w0n57z-fonts.conf.drv
  /nix/store/pwygdlznm7pymabhakxa6cziqqz8kz3z-libsigc++-2.12.1.drv
  /nix/store/4xlx9ld5cy6ivpqrmprnqn9819frbpc1-glibmm-2.66.8.drv
  /nix/store/3mw8vx1krjip9brm6cf7q7xj5v9bairx-libxml++-3.2.5.drv
  /nix/store/z138dx0p775fqmj77pb65dlfzw84ay9f-python3.13-inflect-7.5.0.drv
  /nix/store/3syajfrw0qc9bf27bfz4yjlg475cpivl-python3.13-jaraco-text-4.0.0.drv
  /nix/store/7nr035s5y7mncxw7jxjb53mmsf7d4kkf-python3.13-pyproject-api-1.10.0.drv
  /nix/store/kb7fpdjmqfdx4c82bwaz1riddkw6x5rx-python3.13-cachetools-6.2.4.drv
  /nix/store/vsp5vqqiclnllgszsfp24fmq9gjm8kzg-python3.13-tox-4.34.1.drv
  /nix/store/7sj8hrfp9jj5yzk3vzw1f9iw1p3g0m3n-python3.13-jaraco-envs-2.6.0.drv
  /nix/store/d2lz1n7hjmi2f6m14k2dvn3cax9csqvm-python3.13-jaraco-collections-5.2.1.drv
  /nix/store/isva3mx8r18ws15i2fl5cr8lmxr3k9yn-python3.13-jaraco-path-3.7.2.drv
  /nix/store/4nzqfsgmmxyrdqn2s390xjrclfdrvb5s-python3.13-distutils-80.10.1.drv
  /nix/store/5ah59hbmml2s58h5h0nissj1h8rsnyb0-python3-3.13.12-env.drv
  /nix/store/5l0rbprbrj39hr81flq1k9k0v4z3kyxj-scons-4.10.1.drv
  /nix/store/8rp4i7l08s6jx1czzvkh4gx5l27cc6mr-dbus-cplusplus-0.9.0.drv
  /nix/store/3ax414pb684bphrxvpn9pmq1vsdi7k3x-ffado-2.4.9.drv
  /nix/store/bvz70vwvhi4hzwslqxapg3gsp4b17vam-substitute-udevadm.patch.drv
  /nix/store/zjxgznzlp9gfwl6l1xr3a6m17ddcvm4g-usbutils-019.drv
  /nix/store/q7lgnkcaj77f29449haa35h1fkqf1j3w-umockdev-0.19.3.drv
  /nix/store/bs3frcl8kqjsv0jysarr5yghjh1a5hwk-libgudev-238.drv
  /nix/store/gdd3y8h298njnf4yqldpc6dsynxbjjc0-libmbim-1.34.0.drv
  /nix/store/pmxgnz2l23mp0xkcyl16kb02nyzscz0h-libqmi-1.36.0.drv
  /nix/store/3c444ibywiymc9k91vyb3gssw79c8g7w-python3.13-python-dbusmock-0.37.2.drv
  /nix/store/kfcsdgjgfp3gy7b949pf6xj7a9y8aqzf-python3-3.13.12-env.drv
  /nix/store/yanhhx1ny1bc4axcshj3gn3cq0gjpx94-polkit-127.drv
  /nix/store/z9v9z5yj6h3zqqcpny8y4dv8z3m3wqpy-ppp-2.5.2.drv
  /nix/store/59z7xxb3ij7m3lnrm7q337diavki73qy-modemmanager-1.24.2.drv
  /nix/store/6yclmrn5966bl04scc9lz1fldg5d1wiv-libcamera-0.7.0.drv
  /nix/store/7qk89wjdlcp7f2qrfk6vwpvvqc8s0fqc-liblc3-1.1.3.drv
  /nix/store/88sh2h5q9crzszxcw0wyvkr6g8lhmrm6-libcanberra-0.30.drv
  /nix/store/nk78xk7y1va2138k9vj2s25074d70lfz-libical-3.0.20.drv
  /nix/store/d30xj3qwhjjv7g2fizgd06rfvnkf6860-bluez-5.84.drv
  /nix/store/dngc0lg6kphfbhc01pg32m8k3kc2qiky-lilv-0.26.2.drv
  /nix/store/1ybj2jq3a333y5qsn2wya9zgq1rn6j81-openfec-1.4.2.12.drv
  /nix/store/bszd4sfzrvr7i4vr4ywq15wgsjnidqwa-libao-1.2.2.drv
  /nix/store/lxqcacqfnax5mvyh3z6aprm4snkiy2vs-opusfile-0.12.drv
  /nix/store/63c2yy3npjmwvin7nq05p5i1y7hkx71b-sox-unstable-2021-05-09.drv
  /nix/store/fba6zljr94dasdgpxg3j7a3s5lasi5ln-colm-0.13.0.7.drv
  /nix/store/y2x3imayap9b0b1dhhicqbgh6fdqjjcn-ragel-6.10.drv
  /nix/store/i4bs8ah0bnvlkj6547a92nrmzvn2v6da-roc-toolkit-0.4.0.drv
  /nix/store/pnv6gdnn6ccwg4qrznhqz6qa825vxr9y-ldacBT-2.0.2.3.drv
  /nix/store/q91kgv4drjln5kif1qpgksbkp6x96jxs-libmysofa-1.3.3.drv
  /nix/store/vijrdydm0a7g2ajphmw07aipykmylq41-sbc-2.1.drv
  /nix/store/z7hpx53r49bk62zkbvc6jz1az7za003q-libebur128-1.2.6.drv
  /nix/store/nhm0ii3ymwvai3hmb3v9b76fayrfy41h-pipewire-1.4.10.drv
  /nix/store/4ghwmy88aasx8sj5r73fhbznl038zyxk-openal-soft-1.24.3.drv
  /nix/store/5halp4cga86cw35n1n6nq82gr77i9r75-chromaprint-1.6.0.drv
  /nix/store/dnlvv6c8847jbk4wff7rwl57hq4rq8zm-libdvdread-7.0.1.drv
  /nix/store/7sbjr92gsvwij5jsmf0bnbk4p4ax215c-libdvdnav-6.1.1.drv
  /nix/store/890w3sr536hnfphlrigm0wdim78y3094-mjpegtools-2.2.1.drv
  /nix/store/9pn7bfafl714n0b6s6ndiqq1n1mkmri6-game-music-emu-0.6.4.drv
  /nix/store/c92q9ymk71vdxcw2x40jq4r6injqldda-raptor2-2.0.16.drv
  /nix/store/bsqjacfyrnfw4d457z1wj5kw7ky4ldx5-lrdf-0.6.1.drv
  /nix/store/fa4gdqiqfqck9qr2h8xl5f7mw1l4fp10-libva-2.23.0.drv
  /nix/store/hxxlg5akjv4aaa6b064v7fjpmzlv69ix-fluidsynth-2.5.2.drv
  /nix/store/fxqgr9qcyhsq30dwil55cm99jn780v9r-netpbm-11.13.1.drv
  /nix/store/k9m202hbj4550hjfs3z3ffrdync1blmy-audiofile-0.3.6.drv
  /nix/store/jlbh75q7mda17is408l187z8qqx2gjgg-spandsp-0.0.6.drv
  /nix/store/jy7j0g4mz3x6yhbygiykr94vq3x180a5-libsrtp-2.7.0.drv
  /nix/store/n07f0qp2nsqkdr9zfk4r4pqcf3d8raz0-openh264-2.6.0.drv
  /nix/store/bgmcvksd8rrgfbignr04sani3mywiy16-zint-2.16.0.drv
  /nix/store/nhagd37d5r67hj18wvp5j85lbydrxilg-zxing-cpp-2.3.0.drv
  /nix/store/psczl9kramc11wfj4988ipl1cvn10lc8-neon-0.36.0.drv
  /nix/store/qm1cdqfv6q6cvz47alir11q018i4hjwl-libbs2b-3.1.0.drv
  /nix/store/rlq2g9x5wnkkzzyb68bk8ijxbmhias8b-libdc1394-2.2.7.drv
  /nix/store/sn5y2rkf0vi2ma4pxzfq3i4sisndwm20-faad2-2.11.2.drv
  /nix/store/w6vyl9na3yqqw8bbzgrzjzxg4zqbpspz-wildmidi-0.4.6.drv
  /nix/store/wqmlfbjl7mdjb8bfx03mfn7ygn7lgmrw-libajantv2-17.5.0.drv
  /nix/store/a36sn26yzbnscq40dsa3s2wa9c5xrdwp-gssdp-1.6.4.drv
  /nix/store/a6b128b6ianyg3n8jkc30s66hnx7dysv-gupnp-1.6.9.drv
  /nix/store/slni6j5gvysc4l1fm1p841a49b8kvyl7-gupnp-igd-1.6.0.drv
  /nix/store/xs3wlxrk7my43isdqfmcq2ahkbb2wrc4-libnice-0.1.22.drv
  /nix/store/xw7l3274g0s99fn3ybj6zf0gdnh6bzk5-webrtc-audio-processing-1.3.drv
  /nix/store/pyv5k20zgbi812if4b5bi8161dyjak2v-gst-plugins-bad-1.26.5.drv
  /nix/store/w9jazvpl4qhpj7cfs2ncxwp8w00ngich-gtk4-4.20.3.drv
  /nix/store/2x5vz5689p51b9wzwkchaxrywl3bkklx-wrap-gapps-hook.drv
  /nix/store/v1m51l2545ffwhaflm5hxcsbg4hj8fgv-hicolor-icon-theme-0.18.drv
  /nix/store/ib7pr4dlns2kgqml7fagi9vh0wpg8p45-adwaita-icon-theme-49.0.drv
  /nix/store/vwkq0vr2qvm5n4j81dq1h49vla1rasw9-desktop-file-utils-0.28.drv
  /nix/store/fgpsl3ni6sgv9ha5mzi1cl2f49ajjy0b-libadwaita-1.8.4.drv
  /nix/store/3z0y7lb7vkvcw43190c9x475rzkw7z0n-zenity-4.2.1.drv
  /nix/store/7qb061d1ncx2q3lgq617b4vbx27g84sm-fix-paths.patch.drv
  /nix/store/q4p7d7w4xcjfa7jj9v0ii50whzl1v6j8-python3-3.13.12-env.drv
  /nix/store/rqq093xrm9i9zykpswlmrz6ibl6dhv1y-sandbox-dbus-launch.drv
  /nix/store/66s9ws5cqna6rf5d47lzayx191qivwp6-ibus-1.5.33.drv
  /nix/store/942vl6pnffqnfkjp6fb89kmym5kk5qy1-libdecor-0.2.5.drv
  /nix/store/p5mw98089rd3k43shbcvyj9cxjk3fi0s-libxscrnsaver-1.2.5.drv
  /nix/store/mjgm516b5h3wkw2d2j9qrpip44wwa8k2-sdl3-3.4.0.drv
  /nix/store/8zjgcmriw1gkb9qnaj0hjwmacagrxynn-sdl2-compat-2.32.64.drv
  /nix/store/y3f4733ain0jrjrpr1xc3gi751hnqsik-ffmpeg-8.0.1.drv
  /nix/store/chh4csiad66g12zp27npiihpxvc778v0-yazi-26.1.22.drv
  /nix/store/cjl8qrzfxbxs6rp53fjnb8gldr4rhdq1-less-691.drv
  /nix/store/f71ii6jwxc85mi5w95gp9k42ca2fvbl7-nix-info.drv
  /nix/store/2y1b2kh1c8myg66pb1a3x7spikm65xxh-impala-0.7.4-vendor.drv
  /nix/store/dajdp7blbz1fhnivph97l39nh8shyf39-impala.desktop.drv
  /nix/store/f7s0ajy6l7v8mdqqggm1dhr7qkx38kvb-impala-0.7.4.drv
  /nix/store/g0lfkbdpgdk5i1wal3f7qjbl2bp3ikb9-nvd-0.2.4.drv
  /nix/store/im3jl8cmnd3d9fvgcgmaw9hp5g55h5c9-llvm-tblgen-20.1.8.drv
  /nix/store/61iiirmz5x0qmhym74z3gj9q78rwq8jx-llvm-20.1.8.drv
  /nix/store/njxljas53pminpgawyb2wr1czqb6ilzq-lld-20.1.8.drv
  /nix/store/x1aabpmjjzwvaf321qx9wj0rcjcjl0hw-clang-at-least-16-LLVMgold-path.patch.drv
  /nix/store/qbg8vnkihdpy3gidm6rirvjs65yi3bgr-clang-20.1.8.drv
  /nix/store/49x78jd368idqvl1vd1aqkijrlh19q6r-zig-0.15.2.drv
  /nix/store/gcn488cghzjk8an75wk66bg7gljj62vl-ncdu-2.9.2.drv
  /nix/store/gk791spci6qls6kiwpx5bi7k6h8hwba9-nixos-option.drv
  /nix/store/gnvfparws995vym0md2pjhsa5d6mh4az-vim-9.2.0106.drv
  /nix/store/gyh8g524bsld6db1201z93lbns9crcny-bcache-tools-1.1.drv
  /nix/store/1lzdi5k935l939rs6hfawfc3k5x0grqm-python3.13-pyinotify-0.9.6.drv
  /nix/store/in6bb8piz1js2jx75gi2rzdzzp9a2ldd-python3.13-systemd-python-235.drv
  /nix/store/j2akjxyh331mldvapqfiv2mf0grpj4cl-fail2ban-1.1.0.drv
  /nix/store/kk5f2miwsdl8yn7vnfqw4sic407zpdaw-cpupower-6.18.16.drv
  /nix/store/klb1bly7s510p6230h4phqg0fg3290xb-sudo-1.9.17p2.drv
  /nix/store/m85wmppsfwarlnkpvfi4404in51c34pw-gptfdisk-1.0.10.drv
  /nix/store/1jbjcdi6n3n73s60lw4myc2lq56xzy4x-path-pieces-0.2.1.drv
  /nix/store/2wzcvgrjvna94fcz15syk4b4bgh45cl4-http-api-data-0.6.3.drv
  /nix/store/aahwvi1klk36gc51d5c2xcqfcymp0yva-sop-core-0.5.0.2.drv
  /nix/store/izn5fp5q4hlq9las60lqpyicdfkmxgcj-generics-sop-0.5.1.4.drv
  /nix/store/j74m5kw2hx1f8kvqp1v3pi5qdw6wvhdb-some-1.0.6.drv
  /nix/store/zv8l9y80vx9ckr1xgx01hdy3gzsdy3qc-dec-0.0.6.drv
  /nix/store/mxlbkjmy1pdc2znggd6gpjpv2a3byy2a-singleton-bool-0.1.8.drv
  /nix/store/sh7q6yg95076g9r7g5lhk3q96qk54s59-http-media-0.8.1.1.drv
  /nix/store/1jz70z0c8ma3l2g4ffsc6cmsv7qvwd2h-servant-0.20.3.0.drv
  /nix/store/2gc96ah1yvzwqxb8sbsxbgbgpzi237vk-stm-chans-3.0.0.9.drv
  /nix/store/2r4kywwrwcfaa0rxjjrkimxz8nz5ha4i-hinotify-0.4.2.drv
  /nix/store/4i893ynfik3dbabj381dj9bq9yqs6r5g-disk-free-space-0.1.0.1.drv
  /nix/store/5i77ja7zzhvm9vln10mar10x14byajsv-file-io-0.1.5.drv
  /nix/store/1lpbsmfkxf6pbn783m29j8dxg6f1jyhm-cryptonite-0.30.drv
  /nix/store/ivrr9sz4s22rmmj7b9mwqv3dx1b2dhsg-blaze-markup-0.8.3.0.drv
  /nix/store/ndcp0bmw4r51mx7kfbca67jka8455lyl-blaze-html-0.9.2.0.drv
  /nix/store/wgyqlpx8dlr2lqf7lqxcjbhg70dpikps-xml-types-0.3.8.drv
  /nix/store/zp9jpbj2dzdf8sbh6i4qb6w7vxln8xbl-cabal-doctest-1.0.12.drv
  /nix/store/7k8w4nmw1dpf9j3ddwdw4lwn8jlmhlkl-xml-conduit-1.10.1.0.drv
  /nix/store/5dshpp9hnvfqn52ad6iqls58xmvf6ih6-crypton-x509-system-1.6.8.drv
  /nix/store/lhbz11kfvmjnd43cklpf4z25ff8djzli-crypton-socks-0.6.2.drv
  /nix/store/fjfvnqzypz5sh4x26ivlnqyik5vgi06p-crypton-connection-0.4.5.drv
  /nix/store/lmw6ss5iphfwnjajd8swjsakm9yvf2g2-http-client-tls-0.3.6.4.drv
  /nix/store/g8gyba971v4s7ngjdwm83pzbaim22p1g-http-conduit-2.3.9.1.drv
  /nix/store/rb9fg87a8jjp0w7siwwjkvsv5kxnmw2c-network-bsd-2.8.1.0.drv
  /nix/store/x5nj2gkawfphj92kzaf78k59wbmw63cg-byteable-0.1.1.drv
  /nix/store/63550h62vrv1lpxcpppxvprxwnlfc0lr-aws-0.24.4.drv
  /nix/store/adg13szs82k9ks70l7fnsvfv5ld972zm-parallel-3.2.2.0.drv
  /nix/store/66hfxazi3hbqs5mb9b60bl2fmdibyk85-monad-parallel-0.8.0.1.drv
  /nix/store/ljnp3iqiszi6crlym5yd1nb9fjxznfxg-unix-compat-0.7.4.1.drv
  /nix/store/wzwq4jdmkp4i1sm1cjap4255kl0f581s-fast-logger-3.2.6.drv
  /nix/store/vg3n44v3fxfjsi1qxmlkhc1wqk3shhzi-wai-logger-2.5.0.drv
  /nix/store/64kj97pzx1jzmdpv53gl2xmvk5kx7c9s-wai-extra-3.1.18.drv
  /nix/store/jfmhl56yf9gyqhrxmdlhw3c5a87qgcb9-reflection-2.1.9.drv
  /nix/store/6jbdpadicagbw01n8bvfg444j5d99vnb-adjunctions-4.4.4.drv
  /nix/store/ik4s4m3a1wy15qa98srn7b3k7xw41dwj-invariant-0.6.5.drv
  /nix/store/nxw99rgmas756ls07cgc396rziqbsi52-kan-extensions-5.2.8.drv
  /nix/store/hq2h7sx0v30g3mymav149qwrc6bzjmi5-lens-5.3.6.drv
  /nix/store/cq2hjv4n3sadrcc1ni29q8m3xxcjd73k-th-lift-0.8.7.drv
  /nix/store/igyzyc5p2i1fgzmb28xl16gcgwjn8wgc-file-embed-0.0.16.0.drv
  /nix/store/gcvl73j85bmc198ab8ld276zngih23di-shakespeare-2.1.0.1.drv
  /nix/store/vhp3nz4d6dh9jxjkkxn0p6mm8m2mr96n-xml-hamlet-0.5.0.3.drv
  /nix/store/79jw9q4ixxdnvr8am3claq7d823kmphg-DAV-1.3.4.drv
  /nix/store/8dlzbrrhw4l3qjb3g9bgj79dai7xg7y3-unbounded-delays-0.1.1.1.drv
  /nix/store/7nna7fpzsyjcmwg9f0vl7rmd5bclbrsw-monad-loops-0.4.3.drv
  /nix/store/m5nx6211vh6hnfd8im5mqjiwvfv1n8az-monad-logger-0.3.42.drv
  /nix/store/vfisyzc16fk90y1m3rgc82hn78fvwznz-entropy-0.4.1.11.drv
  /nix/store/s60i8rrxc1arr1gfhd7ilw2qahyzvbh9-crypto-api-0.13.3.drv
  /nix/store/jk7qdnczpf2p2xwgvxrqhk2afddzfb0x-skein-1.0.9.4.drv
  /nix/store/pac08qfxa4i1z8apwi0k5bsmiyq93psc-clientsession-0.9.3.0.drv
  /nix/store/8gclaf3q7scdvkis4i97fjx5b6mv8xkh-yesod-core-1.6.28.1.drv
  /nix/store/a3xqgf7amkpfyyin3344qxa8m4ywbpg7-IfElse-0.85.drv
  /nix/store/cgqaw65bxwc6wkhmhg32wfwra3f4rqhc-socks-0.6.1.drv
  /nix/store/cvr583f292bakm59ma0n70jdsvczhkvh-git-lfs-1.2.5.drv
  /nix/store/ajhim5gha3g12fzgbib6ddnf1drgkipf-resource-pool-0.4.0.0.drv
  /nix/store/i8rc11vihcs8q4r9kywxrh8rb846s7z0-persistent-template-2.12.0.0.drv
  /nix/store/7n9fq9669i3d7n9rc9yqpl69w9ipgii4-microlens-th-0.4.3.17.drv
  /nix/store/dm85mm741y0vd7j5bzflpm4xawaiz6hs-parser-combinators-1.3.1.drv
  /nix/store/rvz167i39l11gc3lv2ixvxs7vymy38hg-megaparsec-9.7.0.drv
  /nix/store/4dsxidyzxf0cqf12ycvg52gyhwjd6zfc-replace-megaparsec-1.5.0.1.drv
  /nix/store/h1npk87vsf43mmhg3w6bsjh4kl1xmsli-lift-type-0.1.2.0.drv
  /nix/store/i3mvncmbdpanm1s5hjb275n55yzkf1pr-th-lift-instances-0.1.20.drv
  /nix/store/xll5kwfaxf9p5l7b3pci7asgwv5i90i9-persistent-2.17.1.0.drv
  /nix/store/kic0481r8qkf6jlmz5aavhxi76gbyjis-persistent-test-2.13.2.1.drv
  /nix/store/1z1w3i61gjnnb3kiyzqxs4sm9gkp9dxd-patience-0.3.drv
  /nix/store/8w0cgxxs1x8j7h0rwmfdm29ab8cbv7g3-monads-tf-0.3.0.1.drv
  /nix/store/db4m7mrqbb9wfrf33r8x4ypvzq5s09r6-options-1.2.1.2.drv
  /nix/store/6c15j92pn0932g2xr0iy68mwb0x7rfi5-chell-0.5.0.2.drv
  /nix/store/zr58ay7n2cz5mw48wrbrdl467g5741cb-system-filepath-0.4.14.1.drv
  /nix/store/qarb1jzygqrnkbfjxvw3lckn2ddzs27c-system-fileio-0.3.16.7.drv
  /nix/store/xadcl5aq79z3sy168rg6a7r2iy27cszr-persistent-sqlite-2.13.3.1.drv
  /nix/store/aqfhg1x4g8ranyqx11g2yran8accfgyc-yesod-persistent-1.6.0.8.drv
  /nix/store/5p337d6lhqfs0529axjaxrjqa692idxd-css-text-0.1.3.0.drv
  /nix/store/x4a7knwqz1fxzfph3lqxqxks2vk3m6ca-tagsoup-0.14.8.drv
  /nix/store/7b2axl25ni06d6wis007j5r74r8pa1rc-xss-sanitize-0.3.7.2.drv
  /nix/store/jzfvzgn7dwymrjknjsivwa9f3hy2y84a-email-validate-2.3.2.21.drv
  /nix/store/imfamsh92wchi5q81akp6fqxqjy6m0g8-yesod-form-1.7.9.drv
  /nix/store/5dx0qsljdws9rink8j2a0c2ilmmb04zp-libyaml-clib-0.2.5.drv
  /nix/store/3y8pgcigm6yd14sy30pgniiwq6zbsbhm-libyaml-0.1.4.drv
  /nix/store/kv6rjjjzd9q4w5nrd1h22y4m8gjcj9hq-raw-strings-qq-1.1.drv
  /nix/store/spln1144lxzh3vnik1psnw466bqi4byd-yaml-0.11.11.2.drv
  /nix/store/g4m73bzhm8m6sn8s0sbn4bygdi0k2wb6-yesod-1.6.2.1.drv
  /nix/store/hgg7vyni5042qz3431fyg1pvzsykn92q-wget-1.25.0.drv
  /nix/store/1yx10002y3jilnvs90d0c7qxfnqjgd6d-bencode-0.6.1.1.drv
  /nix/store/hrchs96xcivbhi51pwz01ys473c6z19g-torrent-10000.1.3.drv
  /nix/store/hvgip44hnj2a1p9kv7lfsr7vpky5gqa1-edit-distance-0.2.2.1.drv
  /nix/store/l0z100b5x7ff8k319myfadb4lkrzl7xc-time-locale-compat-0.1.1.5.drv
  /nix/store/i19sas5asp3fqv3h9ca181z67q1pggsl-feed-1.3.2.1.drv
  /nix/store/j76nxnjnv24w4wc8mzm95qjhjzfm1g0g-tasty-rerun-1.1.20.drv
  /nix/store/yi921lzx7pb0nkqa264lpn63k70adl3s-SHA-1.6.4.4.drv
  /nix/store/58hzdk32bfq30lcbas6xajidyp5h4g7h-cryptohash-sha1-0.11.101.0.drv
  /nix/store/c7xfi0hpf8jafsrspfczhswfnakvm71f-network-info-0.2.1.drv
  /nix/store/gp0qgswzggfndic8p98wagxwa9xg0809-crypto-api-tests-0.3.drv
  /nix/store/ydrwk01q26a0w586zk0b27v7v14j9cid-pretty-hex-1.1.drv
  /nix/store/fg1nbxghmwm3k6dshvpd7icjkzcs4fah-pureMD5-2.1.4.drv
  /nix/store/kk9i5iq45c6j25na6kpl9sgaspschpri-cryptohash-md5-0.11.101.0.drv
  /nix/store/jh86022n36jgksjg84cdi30kfyrr76zg-uuid-1.3.16.drv
  /nix/store/khl4frrlmcqjdc1i2k69im98b3laak8q-bloomfilter-2.0.1.3.drv
  /nix/store/v3xhy4vy9q414ljksxnxvnq2fmajmgs0-dbus-1.4.1.drv
  /nix/store/m0z6hbfi6z9hhml93rbn8vmbzkjmhkzm-fdo-notify-0.3.1.drv
  /nix/store/mcn09h6i88h7jln3phh34k5jg89h2g5b-filepath-bytestring-1.5.2.0.3.drv
  /nix/store/blzpbqbiqdcdxajfzdzk1b84pjqrrqn9-haskell-src-exts-1.23.1.drv
  /nix/store/ngfp130lgrq4nv5lf3z5ddiw8jiraslg-tasty-th-0.1.7.drv
  /nix/store/npcf9mhgfbs4ppjlbckxl7fv3ibfcs37-sandi-0.5.drv
  /nix/store/gx6nl46rfrhnfcsma96xlgrg7lk2bkl0-hspec-wai-0.11.1.drv
  /nix/store/w6qprdrc40a1n5xgjh2wcmsi92is5na7-should-not-typecheck-2.1.0.drv
  /nix/store/yyvk2il1gq96az0gdzrvwvkbj3bbn0ba-wai-app-static-3.1.9.drv
  /nix/store/skln9lqlmvy1wgvgfxz980gb6npccxql-servant-server-0.20.3.0.drv
  /nix/store/y9pf36mw3y0qdxpdcr7ljrhbh5p0apir-servant-client-core-0.20.3.0.drv
  /nix/store/nq6rl30279phk1ssl2i3fdghxwky7an3-servant-client-0.20.3.0.drv
  /nix/store/pjzask3lpzjbvy9id5q3m0w9svk45w7s-python3.13-attr-0.3.2.drv
  /nix/store/b76s4nl6z7pdw6skzpxl2xj71ja99yqx-python3.13-pyxattr-0.8.1.drv
  /nix/store/lnmzzmz6rxnbflfxz68vyfqs9vjs2jyv-python3.13-fuse-python-1.0.9.drv
  /nix/store/ngnxdi07z54plgdihjcbc8w77xgsgx6l-python3.13-pylibacl-0.7.3.drv
  /nix/store/dhkl8m2qxjr8k44cwcd0l8g1jmv3szj7-emojis-0.1.4.1.drv
  /nix/store/l6rfmdcd90h1bqfmvxvfqzqv3kl5jdgf-doclayout-0.5.0.1.drv
  /nix/store/6s45yv89b6h4jzjy3354rqzj2mjljj05-gridtables-0.1.1.0.drv
  /nix/store/hzq8ld4z4kjf0pczwlsry7mmhim7rx5b-skylighting-core-0.14.7.drv
  /nix/store/ahfm230fpwxh1c5i3ymigbx7swbvamw1-skylighting-format-context-0.1.0.2.drv
  /nix/store/dji6my7ia83qvlx1hq1p619zi04ia7pj-skylighting-format-ansi-0.1.drv
  /nix/store/k7vfgy7vdkx7spajssflzknhs27hia1s-skylighting-format-latex-0.1.drv
  /nix/store/q6zszmsxwajpyi23ldr54g69698rs31s-skylighting-format-blaze-html-0.1.1.3.drv
  /nix/store/qqiix1js1lm7n0wr2rnh59c6akp19rib-skylighting-format-typst-0.1.drv
  /nix/store/7h9vkmj273kbis51lb7hipvm4b25i1pv-skylighting-0.14.7.drv
  /nix/store/d2x9nqiswwsjhi3b8zg7b3gl6hi8ixvc-microlens-aeson-2.5.2.drv
  /nix/store/azxpd4zbffr6xqm693vhjmyqbhsawyyw-ipynb-0.2.drv
  /nix/store/39al8jaircwpx6cjaccl3swkh1diniax-uniplate-1.6.13.drv
  /nix/store/gg213w0zas7nxx1jih2hs2bn46xvqqx6-timeit-2.0.drv
  /nix/store/m08igvn3zg7wasq84q0vxr30zhl1ichs-unicode-data-0.6.0.drv
  /nix/store/bd9gg5sjsmx8h786g6bbc1qdxw2bfnw4-unicode-transforms-0.4.0.1.drv
  /nix/store/x3l88bhwba932ifxmflhdpma1js4mn65-unicode-collation-0.1.3.6.drv
  /nix/store/yrg57clg407a2qyi4gwwk4yz3mn9yhil-pandoc-types-1.23.1.1.drv
  /nix/store/bbgmklchbz557f9n1wcrn1wb3pirns6f-citeproc-0.9.0.1.drv
  /nix/store/caf23hnpk67m4kn1gax942265w5vg1kh-commonmark-0.2.6.1.drv
  /nix/store/agb3c7w0lbrla3zbw77cr8zfazkml9cw-alex-3.5.4.0.drv
  /nix/store/gcaq3jqx3pd26nhk7a7qmsyrp9dwa8xc-toml-parser-2.0.2.0.drv
  /nix/store/ccfb2b6x3f340y85j3apdr53k237cn3y-Only-0.1.drv
  /nix/store/id1a7rzc6vacnp9bsz51za9wz93mfyln-cassava-0.5.4.1.drv
  /nix/store/xc2cr3cav7yxv5d6im96rvrdmdf85r6z-ordered-containers-0.2.4.drv
  /nix/store/z6ynzlrhfd8r5r2rq112hj8qycx28kmz-typst-symbols-0.1.8.1.drv
  /nix/store/cdx48q21pxksslwy1an35isr4jcyrfsy-typst-0.8.0.2.drv
  /nix/store/ckpl7yqc1wss990c5060y4a5mzjp19nx-djot-0.1.2.4.drv
  /nix/store/hs0657w76cri1wrnq73harnfyl2445cg-jira-wiki-markup-1.5.1.drv
  /nix/store/iq55asr7563vg0janmwj3ica9wc9xklc-digest-0.0.2.1.drv
  /nix/store/nbza4sn0d8w3nyllgjw2gay68a3dbl1w-zip-archive-0.4.3.2.drv
  /nix/store/niv41yi36vvfsyp2sjgsqvs3is153jsr-text-conversions-0.3.1.1.drv
  /nix/store/nlxgi1g947yk4vgcnygrxbfsk12fi508-JuicyPixels-3.3.9.drv
  /nix/store/phcfnidhvi7yb0ik2igg5v4izb73gsgs-doctemplates-0.11.0.1.drv
  /nix/store/vi1sxw73s3zw6a4wwmia9rfjzcmm0898-commonmark-extensions-0.2.6.drv
  /nix/store/wac7lainvj03bl5h42k2kx0hf84mc5bp-texmath-0.12.10.3.drv
  /nix/store/wljkn7hlxdrdfcq2mdk6hhkq9rrr14gq-commonmark-pandoc-0.2.3.drv
  /nix/store/i7yn70nq78dzzqyjmzsgad1gjyrbqhzw-fingertree-0.1.6.3.drv
  /nix/store/ymxp2j9ljxvs5vhia8rgxwf4lf696165-charset-0.3.12.drv
  /nix/store/wp9x88cidy2h9js8jgbq3sg9azh7bcn6-parsers-0.12.12.drv
  /nix/store/ys0y8shghq1lrdgbdj44dxqf6g65saak-reducers-3.12.5.drv
  /nix/store/lahhl94xfd6dvfqrj029fgln757rjaaw-trifecta-2.1.4.drv
  /nix/store/bgfa0si5p4yvw3h3d0pnjp3b3071xkai-tree-diff-0.3.4.drv
  /nix/store/yw48cxraghczqdngh3xc5qba2jpr1ynh-haddock-library-1.11.0.drv
  /nix/store/4ns67r1zllrilwanx8bjs58djjvglp5r-pandoc-3.7.0.2.drv
  /nix/store/r01yh8i2hb4pgilxs86z2rn3wllw0xa1-hslua-marshalling-2.3.2.drv
  /nix/store/skpvfgvxcjns0gkv688zy4lknhkkzmfq-hslua-typing-0.1.1.drv
  /nix/store/8r3szc7j5qxw8rmbbwv2ns3s0mfz3msn-hslua-objectorientation-2.3.1.drv
  /nix/store/6dxfwwvh02z8siv7vq12k443q8sga917-hslua-packaging-2.3.1.drv
  /nix/store/il8sj1995x3wi951wz3xb1mz1ssy29b8-tasty-lua-1.1.2.drv
  /nix/store/anc64f6dd52l6154zhvdab7dmma2irj1-hslua-module-path-1.1.1.drv
  /nix/store/c0j1agwggxwp8qv1walk2gvsy22wxhba-lpeg-1.1.0.1.drv
  /nix/store/hvf32v3600qaf6fgn3188pp86fxzwc2w-hslua-module-text-1.1.1.drv
  /nix/store/4zsn75h86n5wj7rv3qi3bwagvvc60xd0-hslua-list-1.1.4.drv
  /nix/store/b16zwgxmqrv5951rv9cfr5skvlah5h07-hslua-aeson-2.3.2.drv
  /nix/store/qcmv6glmk4033rffhh2rj4ca7ibmy3bg-hslua-classes-2.3.2.drv
  /nix/store/pg6002yxcf45qxwkhqij9lfyqcb5xhv0-hslua-2.3.1.drv
  /nix/store/j0m6minsiwklx6axfbl4yrbyvbnvqjv7-pandoc-lua-marshal-0.3.2.1.drv
  /nix/store/jr7mi7k8s8xnwqsnfm3a37ai4bjz3cay-hslua-module-version-1.1.1.drv
  /nix/store/psgy3p5kgsvrwvmvb1s4gimqi16k33jn-hslua-module-system-1.1.3.drv
  /nix/store/skw04lrsi3i0ydf9gmfwmw029mk5a7sv-hslua-module-doclayout-1.2.0.1.drv
  /nix/store/8cblqdi1k6hiwgc1mw061z4jy8pjjdnj-isocline-1.0.9.drv
  /nix/store/v8pzv2rx2xx568ay9r7gfhq4ia5baa5n-hslua-repl-0.1.2.drv
  /nix/store/w44cj31ifbhhn46sfbzx763c0mx1ni8q-hslua-module-zip-1.1.4.drv
  /nix/store/cw80is1309b0w1bff24isfc3bhbhl0wg-pandoc-lua-engine-0.4.3.drv
  /nix/store/m7hy2v9jnpncnw4jvhcim7yxbp8srzps-base-unicode-symbols-0.2.4.2.drv
  /nix/store/f7ksqyndi0p4m5ypqvwj2lri0x3x3ydk-wai-cors-0.2.7.drv
  /nix/store/p10xyclvqpncdsn2zmh7k5czqkgxgvvl-pandoc-server-0.1.0.11.drv
  /nix/store/vmba6mfj7lij2r8kvmkmx71xmizw3gyq-hslua-cli-1.4.4.drv
  /nix/store/y65jb0zfabw9psb65nf806lhxpnk0f2v-pandoc-cli-3.7.0.2.drv
  /nix/store/nym61ipmk5i2lcpz9m1n1hh9303cv1zw-bup-0.33.10.drv
  /nix/store/qzbhxkb3z0l7376lfwgva9zbgd7kvm10-lsof-4.99.5.drv
  /nix/store/zy83s73a1k3h99c7nx3n34g0w714158n-conduit-combinators-1.3.0.drv
  /nix/store/591gdhd2lmhjk476rw8a4aq5lab5va6h-crypton-conduit-0.2.3.drv
  /nix/store/imyl3w6amn5ccp5c0jv2kpl55fyspyf4-html-conduit-1.3.2.2.drv
  /nix/store/blfd20709plkkgks6s99w7yrhchdhxli-yesod-test-1.6.19.drv
  /nix/store/c7kmmd39w021yypf58a8r7j8i2hmv3zh-rio-0.1.24.0.drv
  /nix/store/p2vgxb433681qx8vnsvf2q6lwzr1w2a4-utf8-light-0.4.4.0.drv
  /nix/store/a4r3rhj0rr055prnis39h6dbqh62p2da-language-javascript-0.7.1.0.drv
  /nix/store/nfr488d16gfvs1jqplx6406zhqgrqq6f-hjsmin-0.2.1.drv
  /nix/store/s4wac4ivfnjdfrhsacwnnah4dlr1hw4p-yesod-static-1.6.1.2.drv
  /nix/store/vk9ryxwgwysgl3h21iz862yvbbhiwgx4-http-client-restricted-0.1.0.drv
  /nix/store/y9n3386ns8zzlm3mwi0i620qfwzkpfyn-SafeSemaphore-0.10.1.drv
  /nix/store/zf0byzlzq6mdfq0jinc22vg0m16y2hwd-securemem-0.1.10.drv
  /nix/store/mq2bjvzpaws6chf0ddp806y4s5f57pgw-git-annex-10.20260115.drv
  /nix/store/4hlp5xkp5ddwh5j8kqlxikyf0m4fmvj2-ps-procps-4.0.6.drv
  /nix/store/mqldhvmigqradhsidxdb9wsvalkss6zb-inxi-3.3.40-1.drv
  /nix/store/mxicqqgzvpa4sy0van5jn2vgn1d4l9bh-btop-1.4.6.drv
  /nix/store/csm8z949zfprmyhvcr5rjs7dgv5z842z-wrap-gapps-hook.drv
  /nix/store/hzpcz6pkif1dkchqnf0cv8kadwdmmyz0-libxxf86vm-1.1.7.drv
  /nix/store/nh3sayrcrxlnp3y1ah2gp3cf2hkqwx9i-nvidia-settings-580.126.18.drv
  /nix/store/c3ja1bglp8g3jh7ggn5a38wd041xmdym-e2fsprogs-1.47.3.drv
  /nix/store/p0ksq31bzzkkacmd3ybbxilzwgwxyp96-parted-3.6.drv
  /nix/store/p3l3j3vx3rq2hn6wc403rvgs0242y8fh-iw-6.17.drv
  /nix/store/pdy4mk0glc1w19dazpf92278qya43zj6-bind-9.20.18.drv
  /nix/store/1xza966yjw32xcl72c75qxfqr44yy617-cargo-deps-vendor.drv
  /nix/store/m3flp1f97f34wsmsmbwmi02np6j0mz65-python3-3.13.12-env.drv
  /nix/store/axw6n181sllrnvk1g1070fj124nv7jf8-fish-4.5.0.drv
  /nix/store/y9iaicjps5ab3f52p92k9w9hpa6cb19n-bat-0.26.1-vendor.drv
  /nix/store/vvgxqq6n8h2s7wp0gm2rv2gkyh4nc7d8-bat-0.26.1.drv
  /nix/store/xqsbl25zrh7rv9m4gv2c65zyasfypfhb-nushell-0.111.0.drv
  /nix/store/aidxmfhpfy9c3znzg5pf73mwb3rklfzp-bat-extras-2024.08.24-unstable-2025-02-22.drv
  /nix/store/qmjbbcq3rvkq2l4512pjg3ilxhly6qij-batgrep-2024.08.24-unstable-2025-02-22.drv
  /nix/store/x3zq4m07r4wk01xfwzz5pknkkngvayn6-pay-respects-0.7.12-vendor.drv
  /nix/store/ladlkglxbccdinficxm681zqlbk3dmc1-pay-respects-0.7.12.drv
  /nix/store/s27rp7n8qr1kjkhygy4x3r1wb47186mg-pay-respects-wrapper.drv
  /nix/store/23lp50irlpmm4jfyzi37ir73nlxw6inj-delta-0.18.2-vendor.drv
  /nix/store/732hhbhj4yljwzmflai2f1bxvff2ky4r-delta-0.18.2.drv
  /nix/store/slf6kqgcsq7p8qrfmayzfgfdc4g8id95-batdiff-2024.08.24-unstable-2025-02-22.drv
  /nix/store/wc97lrg257dmm9qa554py9hgbfqyspmg-sbctl-0.18.drv
  /nix/store/8v0s4cf62gwj6anvhsiayvr2aqwg6jiz-dot-0.3.drv
  /nix/store/9avnrvk7hmkfifpxcvhwssx8av10c44r-relude-1.2.2.2.drv
  /nix/store/af4agh7i3mzn9m3sm43510ng1wyfk70b-vty-6.4.drv
  /nix/store/g1yqhvnqycxshqdqhd53svhzv4m8pq7k-terminal-progress-bar-0.4.2.drv
  /nix/store/nfbrln49c76xc7kk3l1s94sldyzbjdz8-ini-0.4.2.drv
  /nix/store/1lyvaxbynm2qd91xdiy3bgkv362sz0yx-config-ini-0.2.7.0.drv
  /nix/store/1qkib4ri22k18vz58660ai0sj07gm2yl-data-clist-0.2.drv
  /nix/store/rf89xkcdx2bdg4cgl9l4pa2ldbvhp691-vty-unix-0.2.0.0.drv
  /nix/store/7na0vsgf1s3mbgysiybf1gyvdary8jqh-vty-crossplatform-0.4.0.0.drv
  /nix/store/7vp505yx37v5ra3cjq44w7dwx1x31j3r-text-zipper-0.13.drv
  /nix/store/h9ygxrgapk2y6q160ws7rz85sgk79yfj-word-wrap-0.5.drv
  /nix/store/msh1bppvidawhqcq8qs242hs0z7vkv2x-bimap-0.5.0.drv
  /nix/store/q50a4h4b2bn33jdcygp7xf7csqjywfzd-brick-2.9.drv
  /nix/store/w3bz9i4n18906bylpkiwf2gis9v77jvk-hrfsize-0.0.2.drv
  /nix/store/wggwfsshpykijzzpxg2xqlflhyji89pl-nix-tree-0.8.0.drv
  /nix/store/4a7s1ipxmwxjglzcykv5ldx60i00l95b-caligula-0.4.10-vendor.drv
  /nix/store/9x8p7svidkshrfscz11sxl6hwr61cs59-rust-bindgen-hook.drv
  /nix/store/xkqghmy87vglkq9g2fmz2bgyqcrazap2-caligula-0.4.10.drv
  /nix/store/8wbqdzrghknr361071jf9darca9gpqym-nix-derivation-1.1.3.drv
  /nix/store/c910rjr93g753w5335nfj03f7grayx55-hspec-api-2.11.16.drv
  /nix/store/w3jwbw22a8f7s9svg9iamzajvz4674m6-tasty-hspec-1.2.0.4.drv
  /nix/store/2qfg4miiqj8xys2i0xsn37grvp0hil3n-tasty-discover-5.0.2.drv
  /nix/store/gm5igqnq8ya4a0vffn9jh1dkds602pmv-generic-arbitrary-1.0.1.2.drv
  /nix/store/y4yk13imz86lm4xr4aq95aybz6vj0may-nix-diff-1.0.21.drv
  /nix/store/7l1aiq8s17i05nya8y7w75sk0gdqdljq-libnsl-2.0.1.drv
  /nix/store/yyksrzy0snq1mbfm98vx4z2q9b703a7g-rpcbind-1.2.6.drv
  /nix/store/8ah1ib3xpwk7azdzvv45ln31kvflhrka-system-path.drv
  /nix/store/8dvpjw4yz6ssszinygjlmwvrr6a8nk1h-sshd.pam.drv
  /nix/store/m4fy8y4jgbmmrdfww5rm6w3h5kj3wxxi-samba-4.22.7.drv
  /nix/store/8hnfp2s2yv9gj5rzhn229wwi8yc2ycgz-system-path.drv
  /nix/store/9qmb3s9vpxqgp5g03s98f3x2j25872c7-dbus-1.drv
  /nix/store/g328ri99gigp0vdbfzpq7v37f8hlf7aj-tmpfiles.d.drv
  /nix/store/rd9z4capgi5hb3gzvsqldfdq39csfkhv-cifs-utils-7.5.drv
  /nix/store/y9fyz4vf6k6y9m48zpdzd7m9g8ivsfm3-security-wrapper-mount.cifs-x86_64-unknown-linux-musl.drv
  /nix/store/nw9cc25npz3v0c0gdvz4rid39jpckqwj-unit-script-suid-sgid-wrappers-start.drv
  /nix/store/20hm3nignhz42piw29bj56lnn1aj2smm-unit-suid-sgid-wrappers.service.drv
  /nix/store/3agvgf7bgw6zvkq6iwj0jw9lw8l1ggsg-X-Restart-Triggers-dbus.drv
  /nix/store/lg3mqxcp2bznvisp4ifl9g457am37bah-unit-dbus.service.drv
  /nix/store/lqv01ypz3g6kzay6pw62zrcb5hgndg5p-unit-samba-smbd.service.drv
  /nix/store/p4rrbr5v4879ik5cglmzjkklpkc4wyqh-nftables-rules.drv
  /nix/store/mjlzkkn8aidz9bnjcwnwxyc224d3c77j-unit-nftables.service.drv
  /nix/store/rwvkp8hqlm36by1870zzz95q90li1y59-X-Restart-Triggers-systemd-tmpfiles-resetup.drv
  /nix/store/mp1bmpcbvfxcpzl09kjsqcg7wz96qrwj-unit-systemd-tmpfiles-resetup.service.drv
  /nix/store/gvacz4allgm8qx1gv5hf1yy3f6d0fls9-system-units.drv
  /nix/store/41gy18crq6ipjcdw2c2q1b8v5821mwgh-unit-dbus.service.drv
  /nix/store/xpzg6dxkis6hzlpjmagrjjm4z9z28g1j-user-units.drv
  /nix/store/gqprg0lc3b9r75c0yqgln996pb9jmwq4-etc.drv
  /nix/store/341fsgn0afx2b6lfik2glkzpq5v90ldp-activate.drv
  /nix/store/b8yxchd9661lx9hcnf2yy7vwsjh39gjc-ensure-all-wrappers-paths-exist.drv
  /nix/store/8g900bfcvjd6lnpvh064c96l3z0ks78v-nixos-system-intranet-storage-26.05.20260308.9dcb002.drv
  /nix/store/ghyxr53rc70al24ls44jxlp3vy5v2b98-unit-dbus.service.drv
  /nix/store/kddwkr186sfi4g369b2r95s7x2bf4wih-user-units.drv
  /nix/store/45434dyp28km4awgizrb8cq8si8xbkbz-etc.drv
  /nix/store/j52yg9rya59cj3v1s3zacmf2asbc3vja-activate.drv
  /nix/store/vsw3jca9f63h27hbzdidm75r5rxbc28g-postgresql-configfile-check.drv
  /nix/store/8jhcqx39zffixqn8jcfdl6c307m0p0q3-nixos-system-intranet-database-26.05.20260308.9dcb002.drv
  /nix/store/9l7hamqm47b58ydjrflhf30y981nz0vw-system-shutdown.drv
  /nix/store/9zl34vvcgg70q32hwbcn68gacxsc2bk4-useradd.pam.drv
  /nix/store/d3yahywnwfx36hnmcwlnbkk8dcwl29m6-unbound-1.24.2.drv
  /nix/store/vapbc42hlrzz3sjd2c8aqzq1kyv1cx1l-system-path.drv
  /nix/store/fg1x2sh0yc0ya22994mpzbgns3iih1zm-dbus-1.drv
  /nix/store/rk58l6j77gxdl3xpn0blpjknymzky5gl-X-Restart-Triggers-dbus.drv
  /nix/store/jlvf7nsnv18a6hddsdh3yyg70xx5d4ga-unit-dbus.service.drv
  /nix/store/m0pygzv6xx8d63qsjfva4pqgxnmz8h05-user-units.drv
  /nix/store/3zil9pdlrr6qwn0y641ir0j1iq98vj32-nftables-rules.drv
  /nix/store/30pfzajvdmf31q7virw7zba0g4lbva50-unit-nftables.service.drv
  /nix/store/yn5shi2ri4x4f29mxb18ny6p35rqx3mz-etc-sysctl.d-60-nixos.conf.drv
  /nix/store/87vwzkdqkkcxxwxxbszyz331lzi6dxsa-X-Restart-Triggers-systemd-sysctl.drv
  /nix/store/4hzl05hxbw074i62aws20xx7460nqb07-unit-systemd-sysctl.service.drv
  /nix/store/4qms11kfn10x98s6fywnr876ph62lmwq-unit-logrotate-checkconf.service.drv
  /nix/store/cx0vfjfys7bx5wsh2732savb5jcsr0rm-unit-dbus.service.drv
  /nix/store/fh8jh0ig35wg1dba7jdg89bc349ly4w2-unit-prometheus-unbound-exporter.service.drv
  /nix/store/iczalj54yrmgfl0gd008m6p047xjybgw-unit-logrotate.service.drv
  /nix/store/y965lgkichbf8zb1br2xl47banri98mc-unit-script-unbound-pre-start.drv
  /nix/store/ld7q284whr71p7k1i1ds7nbdw0rpxiwh-unit-unbound.service.drv
  /nix/store/s5mkc5acqf8jb56j7q11wmrc3fzyymv2-unit-promtail.service.drv
  /nix/store/xcr8s5x3sjhgwdwn4ak4grzjsrkx3x1b-system-units.drv
  /nix/store/r5wj69687znjvqbpqpzvvh8mrxn3sjdn-etc.drv
  /nix/store/gxk01w8mzi091xszlwypx445npk2pqhr-activate.drv
  /nix/store/ndhx5pg1jagvixrj583ad61lvb587lzd-nixos-system-intranet-dns-26.05.20260308.9dcb002.drv
  /nix/store/a3x3hyy23sybvrslif9da8rp9fsahfmr-etc-nixos-containers-intranet-dns.conf.drv
  /nix/store/a8nm718zz418fj1bd63cr1r72zna9h2j-login.pam.drv
  /nix/store/acs7m99b0swmd4q1jwl0m5ln7c7wvygr-etc-nixos-containers-intranet-storage.conf.drv
  /nix/store/zld2c4ikv1bzdklrspldw05ilqyxjlsz-nftables-rules.drv
  /nix/store/2bqvbhs2aj2fjh9g9j4j2811rfxbpm9l-unit-nftables.service.drv
  /nix/store/i5kyawmsk9nl92812n5v8yw7abvid1m6-python3.13-tomlkit-0.14.0.drv
  /nix/store/hp986j7z01glsg6s8kc49mjiqnba1f3b-python3.13-remarshal-1.3.0.drv
  /nix/store/n9b8a293yr5hglkpvz95fjlhigw9qlrf-harmonia-daemon.toml.drv
  /nix/store/7nganvi8qpy3k4n4mj1jzp478lljq9hq-Cargo.toml.drv
  /nix/store/8i48i1qia9283f1scbd7yfkah27w9b48-Cargo.toml.drv
  /nix/store/99h7w4frsmrfn2wbbinhpjh5y6ydnz6h-Cargo.toml.drv
  /nix/store/9f9xmw4ygg299sf0hxmd821igi1dwdpz-Cargo.toml.drv
  /nix/store/ak1l8wjwykyyhprr2ihil7n8x9mazmp8-Cargo.toml.drv
  /nix/store/c0ng5pjlwybd2y8d2w89636c8vihavnr-Cargo.toml.drv
  /nix/store/hiyx3rlfrqrbp7xzy5n81y2anbsjc99y-Cargo.toml.drv
  /nix/store/k7njq52prvh4vragk11nc7jcbfyqgihz-Cargo.toml.drv
  /nix/store/mxsi3wx3n7wl344rbywdwkbwd4ahilfr-Cargo.toml.drv
  /nix/store/p5f09xgxh4233rkyq209h6i9xsnf8h6r-Cargo.toml.drv
  /nix/store/pgxjj0wnvglprqbjms2jrbfl20skcl60-Cargo.toml.drv
  /nix/store/x87bc9j1par2nmybya0dnc553l23prcd-Cargo.toml.drv
  /nix/store/xwm9q20r3q0r8xs3wg6v69yd2vkc6yrp-Cargo.toml.drv
  /nix/store/yv1n4lf7zwbw443jk5470l2xlfjxqbnd-Cargo.toml.drv
  /nix/store/z539423rjkjm248y1hmhjwvw9ckdg515-Cargo.toml.drv
  /nix/store/zmfk59m57wdfq2dvfklilzd5lj4siij3-Cargo.toml.drv
  /nix/store/5vkwd4gigybg5x252cnl0rj69rvix4la-source.drv
  /nix/store/26fmgdpd5cl4ikk60rxxsdsd9zl7nc40-harmonia-deps-3.0.0.drv
  /nix/store/ndafy8cnh111xgzdbqz4csqdnm7xy912-harmonia-3.0.0.drv
  /nix/store/4w51iz1vy6awmiqfyja24gfgxh761jh5-unit-harmonia-daemon.service.drv
  /nix/store/aq46f2zsdgjvgbb0inq41di9dksywcdh-harmonia.toml.drv
  /nix/store/a66s3zs4pk6iaks63zxw2hkx8jpd9srz-unit-harmonia-dev.service.drv
  /nix/store/h7b9h2l6pvrzmsb0x4ky0nxyla8y3r9f-system-units.drv
  /nix/store/c0h9hc91ignfvsbjf5vq27s7wsfxfcc5-etc.drv
  /nix/store/wcvy9cjxgna1fxdi0rk9vjh4gyri0azy-activate.drv
  /nix/store/al54wdg9kc55d3an8d65jmsv1px1jawk-nixos-system-intranet-harmonia-26.05.20260308.9dcb002.drv
  /nix/store/c8248mgzx03in1j1y2dp9vw362md028m-nixos-init-0.1.0.drv
  /nix/store/3brn29wm9api6cjamn28i5r71grwa1c6-unit-systemd-tmpfiles-setup.service.drv
  /nix/store/rgr5fz11fm5wgmnbghamm221wqv9v88s-dbus-1.drv
  /nix/store/nxsy20khyxz5rf87aiaz9ksigda1gr0k-X-Restart-Triggers-dbus.drv
  /nix/store/a5di824qmjp86g9zmydvkz96akjd0654-unit-dbus.service.drv
  /nix/store/hgawkylp4a8svcjpxf9m4hs36sdjwbga-unit-obex.service.drv
  /nix/store/j2yqdjkaq5pa8b2zkw457259qjvgigzf-unit-script-nixos-activation-start.drv
  /nix/store/v9ycacm7v9abv7zdvy17zr0jqk06ahi9-unit-nixos-activation.service.drv
  /nix/store/c8palqaak0340nyj18dly2sqjpmk2gab-user-units.drv
  /nix/store/d0r0jjfdnjvkxpganwk7i0z264hicbjx-etc-request-key.conf.drv
  /nix/store/dcs0qy25z8s55x7pm5n4ya6aqsgmmq86-linux-firmware-20260221.drv
  /nix/store/jbjmrdlih3l2c57ls97zq76zwplhhmk2-linux-firmware-20260221-zstd.drv
  /nix/store/d4z3nvk7avs3ib89jc79s39izqdi82dg-firmware.drv
  /nix/store/6fsbb6hlw6rwm5dgqifglh481x72fjds-ollama-0.17.7.drv
  /nix/store/y20xwrrnr5jixl6vf0z4r6n3b6426wd8-system-path.drv
  /nix/store/nryhhwdinivnyhr0a6gqkfghiddmg80a-dbus-1.drv
  /nix/store/7vls8n3140nqjfj0ddqsg0qfi4zf9w7n-X-Restart-Triggers-dbus.drv
  /nix/store/7ypm2j2mk8a6sr1vcg5cn1kyzhl5qgvb-unit-dbus.service.drv
  /nix/store/fihp32fngwyglwncn6dn9maxmprkkqfr-user-units.drv
  /nix/store/q0j2kz32x12dlf8fnh4h7mwvqwgmsf7c-unit-dbus.service.drv
  /nix/store/5fdbpl1p33w92cbldg57nc53p43c5bic-nftables-rules.drv
  /nix/store/swfcjj45xkxxzn6fx9hwlc3rmm4ryb8m-unit-nftables.service.drv
  /nix/store/ygmyy6krlkxqhr6pwg21mvbpqf7i240m-unit-ollama.service.drv
  /nix/store/mfy0q2w9aslw4v2ia83ka5x682rrjq2v-system-units.drv
  /nix/store/l2270dmxx54073hjlzvwlv1f71a5zxn8-etc.drv
  /nix/store/aq457wg501n86xsqgym7m37bk17x14qm-activate.drv
  /nix/store/dj633zzpvz8lrlmgawp6crvljzh38vqy-nixos-system-intranet-ml-26.05.20260308.9dcb002.drv
  /nix/store/dk9iccl63bff09m2kxr1walqazkgal79-groupmems.pam.drv
  /nix/store/fmcszl0nfb8szvxd38y1m9w35fmg7kay-etc-nixos-containers-intranet-ml.conf.drv
  /nix/store/330qq976fgq5cnzc0zzipd27gsx819cp-php-gd-8.4.18.drv
  /nix/store/x8dbhdnj3lsspv3sqfp9yqdlkn3f34l3-php-extra-init-8.4.18.ini.drv
  /nix/store/66q4p8cpsw51js0367zvh8jkswr3syzl-php-with-extensions-8.4.18.drv
  /nix/store/ihyp7mpqglhwk9iwrx9lf1sspwp477cb-php.ini.drv
  /nix/store/2k9vykyghqk0xv83rsw6ds89zmf0harn-unit-phpfpm-davis.service.drv
  /nix/store/xprh7rigm9n06xfni159rqihs6vckrrp-php-mysqlnd-8.4.18.drv
  /nix/store/20fdikkpraasmz8kc5wfskw3v8n95wk5-php-pdo_mysql-8.4.18.drv
  /nix/store/4yczy9mlk3cvnq6klq719gryfv08pq8y-php-opcache-8.4.18.drv
  /nix/store/5advrk80flh4w2wq0c686xgv4hablnbb-php-ctype-8.4.18.drv
  /nix/store/5hb2icqdq7x2f3dqm10674nk3m2qz4cn-php-sysvsem-8.4.18.drv
  /nix/store/kv64fxkyh6427w4sqgzi8j963lwv9gmx-pg_config.env.drv
  /nix/store/56p3qvqjlv8f99h4l52fsv0ip4wjk8pg-pg_config.drv
  /nix/store/7vrrfki83hvzml30xqz6gx6rw69hrsff-php-pdo_pgsql-8.4.18.drv
  /nix/store/9lw8s34wilk54fqzkwg0hacqiyjwrr61-php-gettext-8.4.18.drv
  /nix/store/9pf8k922rc8kcpyi24yhr32mpn5ib7jj-php-openssl-8.4.18.drv
  /nix/store/a6m1r95rd8hkqzxax099r2fcrmg8k1jz-php-curl-8.4.18.drv
  /nix/store/ailyjfrjh2yhhfcyzfv4iqmyykx1lkw2-php-mysqli-8.4.18.drv
  /nix/store/all4hfi4kpwkr6bxn6qqz6zrjidzsrh4-php-sodium-8.4.18.drv
  /nix/store/niazr07fnz4l8jy300067s94baai8rdc-php-session-8.4.18.drv
  /nix/store/axl3r5a9pcxpn8bsas2v3vgmmbkr1j38-php-soap-8.4.18.drv
  /nix/store/b28il2vfyrr4bidnq9chfrqp45ja4vcp-php-pcntl-8.4.18.drv
  /nix/store/b7an260whmv1lb8qrgnfghcha22lcll0-php-ldap-8.4.18.drv
  /nix/store/bf7n5vsbwb1p5x6jvql5qwwy4xrdnqjp-php-pgsql-8.4.18.drv
  /nix/store/cl7sqphq6ahrbnvwslw84vk7pli5chds-php-simplexml-8.4.18.drv
  /nix/store/djnzq1ypyhnvi81ppz13wq2cvwf53302-php-tokenizer-8.4.18.drv
  /nix/store/cd19pyy7acxggwjgvq20p7dr8pw12h09-libzip-1.11.4.drv
  /nix/store/dm97pywmraw0mlys7j5ilz7wz30ql7bf-php-zip-8.4.18.drv
  /nix/store/r541ixfva0ssc6v9a6a6crnn7pa9irjx-php-dom-8.4.18.drv
  /nix/store/gpcvip8xp435wzz0xrjqbgfkxs0v23lj-php-xmlreader-8.4.18.drv
  /nix/store/hagk8nmiij25i2ayxpf3xsll30cz8r79-php-exif-8.4.18.drv
  /nix/store/hlh3h8clr3l3hbilxm67nxxi43g5ib52-php-gd-8.4.18.drv
  /nix/store/hxrhqv9n1k0kbkndxngf6giylgcckry1-php-filter-8.4.18.drv
  /nix/store/jzkglyx6b926gskjzkcdam7npyd3kx0s-php-readline-8.4.18.drv
  /nix/store/kdhy5gqn740babxmvv39ixm7xl7g8qn4-php-pdo_odbc-8.4.18.drv
  /nix/store/kn31c0gjip6nsrq3lyrfdvi36509rpp0-php-gmp-8.4.18.drv
  /nix/store/n7x25f940pm22rnx2mqkzzv4pwqs8b2k-php-iconv-8.4.18.drv
  /nix/store/phhhs417iis8j69wbb6k1brmb3650mkh-php-posix-8.4.18.drv
  /nix/store/pm39mvnrg198scy69a7q70jnlpas22yz-php-sockets-8.4.18.drv
  /nix/store/pq4nbb0f60rbyzvf1l7zmwl3arkfx3kb-php-bcmath-8.4.18.drv
  /nix/store/q1x4ma7nv2qrq551lxj086y49akpfcz5-php-intl-8.4.18.drv
  /nix/store/sb4ranbkvn8v8qp2d3p0iwj920447mfq-php-xmlwriter-8.4.18.drv
  /nix/store/w3gjng781x8y57iaf6z6qwip6inqx14s-php-zlib-8.4.18.drv
  /nix/store/wkdfqw2ynaw5c9b3nwlcqmn0n0zdihzn-php-ftp-8.4.18.drv
  /nix/store/x1g0f1q2av3jj3f01lg95qrb1pzhp53r-php-sqlite3-8.4.18.drv
  /nix/store/xd32m7flpwsx32q6jgzndiddm4b8kqwc-php-mbstring-8.4.18.drv
  /nix/store/z7fyjjwvgkgxzz87d3qjawbbzd895vb4-php-calendar-8.4.18.drv
  /nix/store/zjispagzgjx18dig7fxd065v5cjmdgx8-php-fileinfo-8.4.18.drv
  /nix/store/hy89fdxcdmz4ncqnf848lg254axjnfxd-php-extra-init-8.4.18.ini.drv
  /nix/store/m3npi63yvy3aamsq377fa62xrlbqnvxy-php-with-extensions-8.4.18.drv
  /nix/store/z4rr2y3d3cx7bdvhp2vb72zifyhj9zvb-php-script-utils.drv
  /nix/store/mqpzq0ndbh0mvs7pyvbr7il6dia698l6-composer-install-hook.sh.drv
  /nix/store/q4bm9hsah85dlalp16k0ngq0fwgsmvsi-composer-phar-2.9.5.drv
  /nix/store/micdmlzgdsj3rappf715abkxjfsp2sp4-composer-2.9.5.drv
  /nix/store/gy7rqal13jmmx99idl1lhjlyl94l701p-nix-community-composer-local-repo-plugin-1.1.0.drv
  /nix/store/wz3rdv8ivwilvaxd9alqx6f2sbg8vdfp-php-script-utils.drv
  /nix/store/vn1d7n8hp0rv2r67w0349sqwma7rn4ss-composer-install-hook.sh.drv
  /nix/store/av9vwkjsgpl793v2vg1kb7smxlbj4av4-davis-5.3.0.drv
  /nix/store/ja0r4gz5aiarnnvbqgcivkvch60y0rs1-davis-environment.bash.drv
  /nix/store/sa373q5mdyqbxlqw4x5wspalzgg3vn1q-X-Restart-Triggers-davis-environment.drv
  /nix/store/7mh8mzmr1a5jks84slsh16p8y5lssggk-unit-davis-environment.service.drv
  /nix/store/f7rnz1f83dglp5dl8dvc7ykfdkjry0x5-davis-database-migrations.bash.drv
  /nix/store/zrllywwwxixk9r8k60xg9xmb8bh7skrv-X-Restart-Triggers-davis-database-migrations.drv
  /nix/store/wlbzc3vp9wrnwazbx72ajz7j1a1hj6w2-unit-davis-database-migrations.service.drv
  /nix/store/1mnnrnls8xj1sc29vlqi63x37pjcbpj1-nftables-rules.drv
  /nix/store/x5grn7y0rknp8d17yq38c6kcq2i0hmrx-unit-nftables.service.drv
  /nix/store/ii4vnscxrhmxvk9pxngnjryan0kc9jsq-tmpfiles.d.drv
  /nix/store/g8rn1cvm9s2djki0d1g6br5jnazy0gdy-X-Restart-Triggers-systemd-tmpfiles-resetup.drv
  /nix/store/y50crngr15r34vvwydqfknwyq7w9nm4n-unit-systemd-tmpfiles-resetup.service.drv
  /nix/store/q3r14x3i62crvf8kl3zpljl3c5dmrp01-nginx.conf.drv
  /nix/store/8sk3cda9iv6s9d0acws3bwfd0zq602az-unit-script-nginx-pre-start.drv
  /nix/store/zif5f7nz2df5anf4d6fbnjz7kkbi9n5k-unit-nginx.service.drv
  /nix/store/jl6wa25vm7qzlpvv7qwkm8psfgjgqzb4-backup-davis.bash.drv
  /nix/store/zrn1hzwgh8w5902s2srmsix02g3k62g2-unit-backup-davis.service.drv
  /nix/store/9wsxc5nbz5m082psrcw0ld17p6bbc9dw-system-units.drv
  /nix/store/1s6qr1cggbdkiq9n8aiws1b3j7fj94nq-etc.drv
  /nix/store/imwxparghfx6mfcjb1ddjgqq7qwr86cm-activate.drv
  /nix/store/fv41av9z8sgxg6sjcfd4dwrr9r0fwb5k-nixos-system-intranet-dav-26.05.20260308.9dcb002.drv
  /nix/store/g12ndgqlhir598y6ph2lplspppb0w7pl-runuser-l.pam.drv
  /nix/store/g22sgc582pgkyaji7z7434y5x4hg06k5-etc-nixos-containers-internet-gateway.conf.drv
  /nix/store/gh8i8vb50wd63dz6z9s89lv98ssx7wpv-groupadd.pam.drv
  /nix/store/glwj84yqf3d5yp6f7kl19j1nbkidaszz-chfn.pam.drv
  /nix/store/hkb830fagqp1wp5mx4aibpww9r8dh0fk-groupdel.pam.drv
  /nix/store/hypqmyzrsc0izfn2gvsg9lysnchcq030-systemd-generator-environment.json.drv
  /nix/store/i4srdyigvkw30cimj5y4bkl065cqzqql-etc-nixos-containers-intranet-database.conf.drv
  /nix/store/i6wkgl39sn0miwzrs30sv6a5gc3wyslq-etc-os-release.drv
  /nix/store/i9yrwsfsn7mmzrmdnfcibxm61hy909d3-su.pam.drv
  /nix/store/igx1a4725yawc9wfnaj311f0zcdq4njr-etc-nixos-containers-intranet-harmonia.conf.drv
  /nix/store/j809dd5xgg5rwrgybq2r1ng2h7srlwg7-usermod.pam.drv
  /nix/store/j87ycb78dj2zkmp2l4d4xrcsdcar4ypf-hwdb.bin.drv
  /nix/store/jp6ml0i2f5wzsgm0lglx6ms0b5470qfg-etc-ssh-ssh_config.drv
  /nix/store/k52cg84ilih07z6kqpvjdq7m8g6acjpz-passwd.pam.drv
  /nix/store/k6zg03vcyd9hn9hxma9h5r4zik8ngiks-sshd.conf-final.drv
  /nix/store/k9c5c3j36a20vphrs6g6mnahr1w60pr5-groupmod.pam.drv
  /nix/store/ka1dnxnap9pk2c39wc50s989vrk2mhh6-console-env.drv
  /nix/store/6hd4jic55sxg7v9afpwgmpljz63wdpc3-unit-miniflux.service.drv
  /nix/store/2d7cj4dll025fbr7zf5n0c3fyj75gsbl-nftables-rules.drv
  /nix/store/lzj2iybdy8svl6c7f0yhx6pqjj0z56g2-unit-nftables.service.drv
  /nix/store/5pm87bxbgmkxd2b4cvifj2ifa1plqcwp-X-Restart-Triggers-dbus.drv
  /nix/store/w93qhbjg2k76ipqvkrqraxg6172l5va7-unit-dbus.service.drv
  /nix/store/dwwxszp9fs7nbvw8lspydniq4qa9ldr2-system-units.drv
  /nix/store/vy7ksshi5wr5cbgpfbrn1sr78r3nf966-unit-dbus.service.drv
  /nix/store/jh5xf37awchl6hy120nwpgg4m24qa23f-user-units.drv
  /nix/store/w544aws3n8h5f0gfy26n95vn5zf37lsl-etc.drv
  /nix/store/nwmqhy5gjizhg7w3g2ymc2qsqbzdsh11-activate.drv
  /nix/store/qh34dgfbhf0kh37zrvzlykjxxflcvvi0-nixos-system-intranet-reader-26.05.20260308.9dcb002.drv
  /nix/store/r4bghr3kqxmidq7s967sy41560zv91kg-etc-nixos-containers-intranet-reader.conf.drv
  /nix/store/21730l86b0in1blgmlqm6q3gsxqhfc17-X-Restart-Triggers-container-intranet-reader.drv
  /nix/store/616qqx6n4zq8v5l0hrg38m2ayld6v181-unit-script-container_intranet-reader-start.drv
  /nix/store/6ji2xj1ba7r7ymycwgxwqxj38z0xdx65-unit-script-container_intranet-reader-post-start.drv
  /nix/store/yl8jslp1cx3g27jccll8ndzn803xxv5l-unit-script-container_intranet-reader-pre-start.drv
  /nix/store/1x8aqlzl6an8xxppa3kr5j3y9419hz3j-unit-container-intranet-reader.service.drv
  /nix/store/226qri07lj6115x7hrcnqk054qng43i3-unit-cpufreq.service.drv
  /nix/store/248vs51m8253hw1k8gfn1ad3g0i931wc-unit-systemd-udev-settle.service.drv
  /nix/store/2575d6ksc1najcg7ms4p0iv95rffnxcr-unit-rpc-statd.service.drv
  /nix/store/25l8fw1syp666rliq6sc4m6mc34qrkkp-unit-zfs-zed.service.drv
  /nix/store/31l649mzrzldi5isz3ym13z4d7qpjyvr-unit-script-container_internet-dns-pre-start.drv
  /nix/store/66pz67lh2kz0m8hp6mbwf54536hvp81r-unit-script-container_internet-dns-post-start.drv
  /nix/store/lwh99c9ci6w53llymn649v13sp6r10sa-etc-nixos-containers-internet-dns.conf.drv
  /nix/store/dhiw1299hbc1p69q5qgjav0l1pppcybh-X-Restart-Triggers-container-internet-dns.drv
  /nix/store/kwl0wqr64cja9ar68wvh6i4620233p0y-unit-script-container_internet-dns-start.drv
  /nix/store/277s57rlg0rsw402jgn2n5495ir0yflb-unit-container-internet-dns.service.drv
  /nix/store/7nd6fnkkymyxc4p626c9jfa2240sc5hd-rust-bindgen-0.72.1.drv
  /nix/store/4jmg0422np6829zwrx5risbf0rswswz7-qtbase-6.10.2.drv
  /nix/store/b234f1cp22aqgb0bmiq4d3dsjssnr4wg-qtbase-6.10.2-only-plugins-qml.drv
  /nix/store/b62vq13jn0vpbgalyr9src7afli6zkbl-wrap-qt6-apps-hook.drv
  /nix/store/cp8yf387adp9sn5l1icfkkf7fks8kz7x-glu-9.0.3.drv
  /nix/store/f4h2ygc887k4c798gqxpnmwc148kalxj-qtshadertools-6.10.2.drv
  /nix/store/gdmlrislkx7n92ji89wlyg02gcwhwd2x-qtlanguageserver-6.10.2.drv
  /nix/store/ilaxdyk5hvbgczb615f4yzfbcbija8a7-libmng-2.0.3.drv
  /nix/store/86w7glw2rmaz8cb0la9lfysi5jcirvb5-freeglut-3.8.0.drv
  /nix/store/m94s207mlia9f09jnfy7ryhm4rliaaq3-jasper-4.2.8.drv
  /nix/store/ii1kw1fvwgmv7zy4pqsg3acgmfplyr88-qtsvg-6.10.2.drv
  /nix/store/nwjd74197d4x4fdj08lg4kka91gnb986-qtdeclarative-6.10.2.drv
  /nix/store/n3ig208skaavngdv5jlk8vib7n8qg9jj-qt5compat-6.10.2.drv
  /nix/store/hzcn8ny3k8wws7w592raym20vg8xi71h-v4l-utils-1.32.0.drv
  /nix/store/d7jkwbc7fn96dnc7wc5xwd1msa6m5bi1-libdisplay-info-0.3.0.drv
  /nix/store/kclh2501lql4bq5mc2x8axpvjxk17d5y-SPIRV-LLVM-Translator-21.1.0.drv
  /nix/store/p1bd35zjh15nlp71qh468156zl5vl0rk-rust-cbindgen-0.29.2-vendor.drv
  /nix/store/qikjv3nvmyp96j04yy7yf42w54j6csh2-rust-cbindgen-0.29.2.drv
  /nix/store/v2bh5a9kv60ih9fxfgdhfsaqqflb6vhn-lm-sensors-3.6.2.drv
  /nix/store/bwgl8b1kwsfwdw7a83i3kjnphkwmzzy3-clang-only.drv
  /nix/store/winv3lk8gd0inbpkval7iw3ba2rcrm9f-libclc-21.1.8.drv
  /nix/store/zp7ai1gkckzhzbdarcdxvzhfmswbvmv0-directx-headers-1.619.1.drv
  /nix/store/3ki95mf0zh0d45mapfmhjnlh1p1zmwnd-mesa-26.0.1.drv
  /nix/store/k2ks232b9a6nl9058ckpx0yx2bzrpmhc-nvidia-vaapi-driver-0.0.16.drv
  /nix/store/zjcs63h8sa6picy7iwvxhb6rl7375wpa-graphics-drivers.drv
  /nix/store/c140rgdrwl44kxns16v8jl2w27avnjsv-graphics-driver.conf.drv
  /nix/store/qrsy4ykp1piczpr9r59r972srazgdwgr-systemd-default-tmpfiles.drv
  /nix/store/xcw6ign8757m58bn05v5sq37mzg3yg6c-tmpfiles.d.drv
  /nix/store/1d7dnf2hh5hgyzqy3spswizslifj4p7n-X-Restart-Triggers-systemd-tmpfiles-resetup.drv
  /nix/store/27g0vsda90pqvf96aax7ph0g3ad96vkw-unit-systemd-tmpfiles-resetup.service.drv
  /nix/store/2fm7izslf6y70pacyjwmpiz4cz9c5vmf-unit-logrotate-checkconf.service.drv
  /nix/store/mr71d1pm07ryxx12zqm0f3rj2indkvhl-unit-script-container_internet-gateway-start.drv
  /nix/store/sqqb5cc6bshmwvljac95swpcw8davfgr-unit-script-container_internet-gateway-post-start.drv
  /nix/store/vjr4waifigq18kbpjs9n50702z5lxmnz-X-Restart-Triggers-container-internet-gateway.drv
  /nix/store/vngbgvk71sd4ixic3a5bgz07378r758y-unit-script-container_internet-gateway-pre-start.drv
  /nix/store/2rlmggdxw2yyz5qnmhgvsr0vvx9vsja8-unit-container-internet-gateway.service.drv
  /nix/store/3fidw5d36qlf8xh65yxzh73xcd747k12-unit-nfs-idmapd.service.drv
  /nix/store/3ysdhnaff0gbw9ma6lchd1jc5qzfxhsr-unit-iwd.service.drv
  /nix/store/40gq5qmy2b1ik4zfsnrgf7v4m213px6l-unit-serial-getty-.service.drv
  /nix/store/48wp0ahgc0k53c1931wrf9zyb6mv157s-unit-systemd-networkd-wait-online.service.drv
  /nix/store/49a7lypmmhlsr4mm5afxawyxmlbibz1i-unit-zpool-trim.service.drv
  /nix/store/4alxdvyf13hzmp92m5xngx26zxj11xkl-unit-systemd-localed.service.drv
  /nix/store/4kwdid3cn6041xlw3hc37idg365aspf4-unit-dbus.service.drv
  /nix/store/4qyrnyhc033laywnbwcvy6fhsb6s8wms-unit-systemd-update-utmp.service.drv
  /nix/store/4r5n41kdd11di1nsflsfiq4bkwlx7ksg-unit-pre-sleep.service.drv
  /nix/store/vyzz11jnxgrbqahmx29c8mzpcckji3fb-mdadm-4.4.drv
  /nix/store/ydzv4kclpqgk7g0lrq38ah7wsvrzhqnf-udev-path.drv
  /nix/store/l6i5k4fz1jklssigcq1ly0mf8yhwr312-udev-rules.drv
  /nix/store/sw95c8j973067x2b5p0f9clrs0k13011-X-Restart-Triggers-systemd-udevd.drv
  /nix/store/4z25m2yxpagsr36hivp2abvscybdmq5v-unit-systemd-udevd.service.drv
  /nix/store/57b3i7ghrgk0fqvj2qcrs2wxxvpv6mb8-unit-nfs-mountd.service.drv
  /nix/store/5p0ai3py6b7n6ldipbasjf5fxx5dgaxr-unit-systemd-machine-id-commit.service.drv
  /nix/store/62m3wy4n121wqc2h0ffpdb549xl43njr-unit-persist-state-etc-ssh-ssh_host_rsa_key.service.drv
  /nix/store/67m2yvgl9940d7i8i90j4sqi0d62fakq-unit-zfs-share.service.drv
  /nix/store/6ia32kcx8nh9c6l1a4rkzvwcmkzxhplq-unit-sshd-.service.drv
  /nix/store/d9yz621axkgwlw8kb866h883nk7bq4l7-unit-nftables.service.drv
  /nix/store/xxkc4ikwg2hxcwkkw6lfwy9mm38v5d8j-system-units.drv
  /nix/store/f71hhxk6pkkmm4xjx1fzw4zr7i5qr064-etc.drv
  /nix/store/i0y27r250gdfn1avp5yvhn7zw558rvr3-activate.drv
  /nix/store/rrz4g25pvq88w2r6amby66rhmgdfvzgn-nixos-system-internet-xmpp-26.05.20260308.9dcb002.drv
  /nix/store/npmavrm35n54ps7ij4z53h4jz3fm345n-etc-nixos-containers-internet-xmpp.conf.drv
  /nix/store/5c7mc9afrkgj2hnwh1ifahbjzq713aim-X-Restart-Triggers-container-internet-xmpp.drv
  /nix/store/yk95y507zr07nkv0gw9xajb3kp5xmc7s-unit-script-container_internet-xmpp-start.drv
  /nix/store/z078k7v02viikmszck32rdzy7am1b68j-unit-script-container_internet-xmpp-pre-start.drv
  /nix/store/6v7a7syqcq83rjmli2b1hkmm77nwc6f6-unit-container-internet-xmpp.service.drv
  /nix/store/704qsrkxarz0z3d2xxidpygs3gqxl8bc-unit-lastlog2-import.service.drv
  /nix/store/75dwc82lh62s5nqh2hykl47ag019f9lx-unit-systemd-nspawn-.service.drv
  /nix/store/5bq7dg5m0g9l17mcsyjhwqhj5p6jy2d7-unit-script-nix-gc-start.drv
  /nix/store/76y5zqg5xiycjslpq76k5qlnbgpch4zp-unit-nix-gc.service.drv
  /nix/store/7fbj7l0qjr1qn9gvwj9n4654vgppxddh-unit-zfs-mount.service.drv
  /nix/store/2rrkb68ph0acwbrmkc7yb54ylvpvly1y-unit-script-container_intranet-harmonia-pre-start.drv
  /nix/store/bdrfp3fb1fh4fpp8yj0s7d95b7fkrmpr-unit-script-container_intranet-harmonia-start.drv
  /nix/store/jzx6qdfqcb6p162sb723s4m74ygxbnkh-unit-script-container_intranet-harmonia-post-start.drv
  /nix/store/sdz0642c0qq6xhwm24swgp328zmkwvjl-X-Restart-Triggers-container-intranet-harmonia.drv
  /nix/store/7wjmr92gi6yi06kbi8imzpbz1nxlh8ki-unit-container-intranet-harmonia.service.drv
  /nix/store/83s45lf1mm6q7h42aas4s50ja0yl7wiv-unit-systemd-random-seed.service.drv
  /nix/store/1mdinqblzlycgpyxdi8nnwbzknlpvj9z-unit-script-container_intranet-dav-pre-start.drv
  /nix/store/bif9i3dd9nlm1lxi8v11d9n2yjs0zhrs-unit-script-container_intranet-dav-start.drv
  /nix/store/x8l7l6cnzdm9n3sh101n2b6i073ssly1-etc-nixos-containers-intranet-dav.conf.drv
  /nix/store/p8kpjfdkx1xjqrkb1irlqk4ws3lh6x3c-X-Restart-Triggers-container-intranet-dav.drv
  /nix/store/rxfgvzr69mx8bfb9w45pngpksjxi95dy-unit-script-container_intranet-dav-post-start.drv
  /nix/store/8zjy6abmis5h6nkk8l1wkggyx8gg9r1n-unit-container-intranet-dav.service.drv
  /nix/store/967sgzjn1vmvahq5bd72ll9scp9gn0ka-unit-sshd-keygen.service.drv
  /nix/store/9shmrk9p4vl7x4g3qpqb2zvymf2a3w4c-unit-prepare-kexec.service.drv
  /nix/store/9ychvjdvbmri4g5lx42i6r52l9sb8v7g-unit-systemd-sysctl.service.drv
  /nix/store/67qa25y787j3rnlllff5a4dpfxphppd3-unit-script-container_intranet-ml-start.drv
  /nix/store/bpj53hciwhqlq0fic0lxqrxnk8wydgdc-unit-script-container_intranet-ml-post-start.drv
  /nix/store/fn8irsf89cip14iip7b7lpsnkrb6z6af-X-Restart-Triggers-container-intranet-ml.drv
  /nix/store/z64spx2lpv2r33kbz05fa1spbmlyg4iv-unit-script-container_intranet-ml-pre-start.drv
  /nix/store/aikz2csiwlnd1dbq6fi1bhmcd0aj6vrv-unit-container-intranet-ml.service.drv
  /nix/store/al3hn8hmgl4da618d83d059d63b6vzbd-unit-persist-state-etc-ssh-ssh_host_ed25519_key.service.drv
  /nix/store/ba57idy4ar5d6gb31h4iljdx26rml91g-unit-persist-state-etc-ssh-ssh_host_rsa_key.pub.service.drv
  /nix/store/bk376dpn68xx4qmxj8m5s8gg0hgsdsbr-unit-post-resume.service.drv
  /nix/store/bm6zixf3aw0hap8xgv51ng59qyd6paw4-unit-auth-rpcgss-module.service.drv
  /nix/store/bzc9wyj4cj931ja9f163apn0dslzdjjw-unit-autovt-.service.drv
  /nix/store/c439isi9kgy7nkl03l9bvyzgd0w0hpv4-unit-logrotate.service.drv
  /nix/store/c4j3g5gcmh1lylxi491l8bkzah6q2x2b-unit-systemd-networkd.service.drv
  /nix/store/hl8wlcdm64bcnclqmd5s23kcyfz38fpg-getty.drv
  /nix/store/ckcshnxl502mr10mcms0qfwdsjssgyv1-unit-getty-.service.drv
  /nix/store/5qk0szq23r921l334nvqa84gpvcibg83-unit-script-container_intranet-storage-start.drv
  /nix/store/hwfvha4g2x1ixx5ngq06mcxfcc9b9jid-X-Restart-Triggers-container-intranet-storage.drv
  /nix/store/nl4p62ffm6ks6axri5r5aihfk32ikddi-unit-script-container_intranet-storage-pre-start.drv
  /nix/store/vg77mrawzbygbsm6ibf4gffgsbxp1srr-unit-script-container_intranet-storage-post-start.drv
  /nix/store/clgmjiwfxhgfvn20z0svl7rjm66fj7sc-unit-container-intranet-storage.service.drv
  /nix/store/d0vpsjybi5k81bwllg4hwjxzq44clh0d-unit-acpid.service.drv
  /nix/store/d8cf2nqvygpia5p0hvrzan4ag272ay6k-X-Restart-Triggers-sshd.drv
  /nix/store/dgwx6n6fz1xrkijdhpwa2dax3sf8zrbv-unit-sshd.service.drv
  /nix/store/dhhd0sdwxw3zgifv3nlxa3vswbch8811-unit-systemd-pstore.service.drv
  /nix/store/gks006i2hcx6py6zily3h5k280s5vh2l-unit-rpc-gssd.service.drv
  /nix/store/gml10kgmwm827ayjir5vn6xg83ghk6gd-unit-nix-optimise.service.drv
  /nix/store/gyvgirn82rmwzwlaan0a5dkjp2zl53fc-unit-systemd-timedated.service.drv
  /nix/store/h9wgjvnf2wfykd97d5pxds7nk01j2jvc-unit-systemd-networkd-wait-online-.service.drv
  /nix/store/hnsda71phmakak26nnb2gf8vpjbff7hc-unit-persist-state-etc-machine-x2did.service.drv
  /nix/store/i971dy2kb869kbvvrnxpgm1i8plzix3b-unit-systemd-journald.service.drv
  /nix/store/208bqw6bi80b9aiak0bgbfiag32hl6mf-unit-script-container_intranet-database-post-start.drv
  /nix/store/ddbra646c37q6fkq5j0cr4gyflyy106k-unit-script-container_intranet-database-pre-start.drv
  /nix/store/kb2ic0nwh229p6kg9pspil0xc6d0nmx2-unit-script-container_intranet-database-start.drv
  /nix/store/rnrzxmwxjm37gz5b8snl07ar8k3ms9hd-X-Restart-Triggers-container-intranet-database.drv
  /nix/store/i9jxdw33agii1pp5yrba3iv8pssjyxcf-unit-container-intranet-database.service.drv
  /nix/store/25bd48zlcvcls8i455s8g8nplk8n6q63-unit-script-zfs-sync-data-start.drv
  /nix/store/imwxmqfp8l12x37x6jlqy7r6b1vmkzqz-unit-zfs-sync-data.service.drv
  /nix/store/8vka13i5676skryy1ndp7vrnvs6k2wl0-unit-script-container_internet-email-pre-start.drv
  /nix/store/9bzr95341i1dmbvv7svwh0czggn0g907-unit-script-container_internet-email-post-start.drv
  /nix/store/avx5h7rh6pysy0qv34srpf7w5cvi7bd7-unit-script-container_internet-email-start.drv
  /nix/store/sqj62yj8shsm95yc4fxxy6jxx7kcfiwd-etc-nixos-containers-internet-email.conf.drv
  /nix/store/nn35jwymdi3i0phb8qiws0p78lmpn4cs-X-Restart-Triggers-container-internet-email.drv
  /nix/store/iza8jn7h7vqq4rqirlafhnx3y2wn6855-unit-container-internet-email.service.drv
  /nix/store/j2azbdzz668c5vlha5hdiy1x42v277dq-unit-bluetooth.service.drv
  /nix/store/jc8prp0r8qzv5vyfw8aqg8dkv6n7ivaa-unit-systemd-makefs-.service.drv
  /nix/store/qsl38qrqlxvpc9pjbjhd2l7d2js8578x-unit-script-linger-users-start.drv
  /nix/store/jzpykw3hksd9ipfg3zjpr2vmfsqgiz3k-unit-linger-users.service.drv
  /nix/store/lmpisx1p3r2757924my8iv787wp0v713-unit-script-container_-start.drv
  /nix/store/n5c4rqvpyvsw83bcljdlb490idvv8zr8-unit-script-container_-pre-start.drv
  /nix/store/vk8pczr208diry7wsxqqrhsfnwmg4g9h-unit-script-container_-post-start.drv
  /nix/store/lvli79dxm19bi3jzphb6qy114gjxip6m-unit-container-.service.drv
  /nix/store/mi9zn0x989f75ifa3y3f1wz11v857qrm-etc-nixos-containers-intranet-coder.conf.drv
  /nix/store/bk2ka0kpljw7k9f30nyn54is7sw6r59g-X-Restart-Triggers-container-intranet-coder.drv
  /nix/store/pv72kf9z2rgdb6dhr8m94f3snyn4blki-unit-script-container_intranet-coder-post-start.drv
  /nix/store/zynmsrmg98a86gw9rrna8fz4cm7rg7fb-unit-script-container_intranet-coder-start.drv
  /nix/store/m1dzfdyf8xjsxznj2g87ap0i7a671zd9-unit-container-intranet-coder.service.drv
  /nix/store/m7xj2apqrm9hs1cj4agmjwkal6p9bd6i-unit-systemd-oomd.service.drv
  /nix/store/4wgrbcr8ymghbb7w67bmscpb4zzihkv1-unit-script-container_intranet-dns-pre-start.drv
  /nix/store/672bg8zwjfrjwas6s6d2rwakl2iybmfd-X-Restart-Triggers-container-intranet-dns.drv
  /nix/store/sljlk54da5dnbmj5c8b3ihl7d577d0px-unit-script-container_intranet-dns-start.drv
  /nix/store/wf016l7iii9zbar1d17f4l9yg90gkkkl-unit-script-container_intranet-dns-post-start.drv
  /nix/store/mwdw06jpahlgm1qd3g34xqyhg4qnlfk8-unit-container-intranet-dns.service.drv
  /nix/store/n1mkqwsmah3mpl050xlaw633rxdmhgxb-unit-rpcbind.service.drv
  /nix/store/n37gc5kw8b9h6gmq56svmlf6k1h9362h-unit-systemd-hostnamed.service.drv
  /nix/store/ndmqi31ci3fdxi0ild3llj10k831dgg3-unit-user-.service.drv
  /nix/store/f22sc6z8v1gpd28if1nbddzq3ayyyl3s-X-Restart-Triggers-reload-systemd-vconsole-setup.drv
  /nix/store/nkww1560fgsk1yzdrhmj7dj5kjn00igy-unit-reload-systemd-vconsole-setup.service.drv
  /nix/store/9x213c8c9g63xkilb4bdg3x0xp40sbn6-unit-script-zfs-sync-pool-start.drv
  /nix/store/nrd70h1d3vv8xhjj8sjs5c04bv7sxgfi-unit-zfs-sync-pool.service.drv
  /nix/store/p03cpy8sn3h7893x0zaf26w3psrw8ach-unit-systemd-user-sessions.service.drv
  /nix/store/p112an3f0bd9fisrmw8yn1qqaml9isak-unit-systemd-resolved.service.drv
  /nix/store/pn6fm7kd0jjpq9v8dbnrps59py41vvam-unit-systemd-journal-flush.service.drv
  /nix/store/azvwcfa8nhqdkl6nldqx01is7drb6xsq-unit-script-zfs-import-data-start.drv
  /nix/store/pr670cl1hlqxa9lpy8w57lww6mwp2ks4-unit-zfs-import-data.service.drv
  /nix/store/qljjcxyrcmwd08yy2g2p6xx67y5g8wdf-unit-pre-shutdown.service.drv
  /nix/store/mw8lcqsj2awf63ih1kk9hbx9y2yj800p-userborn-0.5.0-vendor.drv
  /nix/store/5iz3r6jafsd0m8xvn1vh99bswdirngq3-userborn-0.5.0.drv
  /nix/store/89ahb9cbiy1p709av4zcvn92q72xdxnq-userborn.json.drv
  /nix/store/rixbl7yjcqnrbhz56q9qixzr09dpvn0j-X-Restart-Triggers-userborn.drv
  /nix/store/r02xb59vfw190434ni91fcq2y11p9p7d-unit-userborn.service.drv
  /nix/store/r5zwn91sw5wjywn3ssjwzfx5nkndd285-unit-systemd-remount-fs.service.drv
  /nix/store/rbqijh1fza5daqh7kjq8z8xw84am5bvv-unit-systemd-backlight-.service.drv
  /nix/store/rfxp9y83ily5mw1bik1x5aa0i28s2r4m-unit-fail2ban.service.drv
  /nix/store/s786mkhc8y4850scixgz8zw7nh1g963s-unit-systemd-logind.service.drv
  /nix/store/sjn6gr78m52cazflpigg489lbk2radqy-unit-systemd-importd.service.drv
  /nix/store/v0av4yh2wncpf14102f44sa880r9dxkx-unit-systemd-modules-load.service.drv
  /nix/store/2wv9ww9cm1y6xpaqvdahsagyz41yhnvs-security-wrapper-utempter-x86_64-unknown-linux-musl.drv
  /nix/store/74p9p0xmha0wh8wwaik9ixrwm57sk6cx-security-wrapper-unix_chkpwd-x86_64-unknown-linux-musl.drv
  /nix/store/7ljwyi7cjv8j0gr90hk0caacdd4nn1lw-security-wrapper-dbus-daemon-launch-helper-x86_64-unknown-linux-musl.drv
  /nix/store/8rv7643xks3b8bm5jymj03ayvhp3zzdw-security-wrapper-fusermount3-x86_64-unknown-linux-musl.drv
  /nix/store/b405v9mwhws3dcscn5ghxqz436c0k6ah-security-wrapper-sudoedit-x86_64-unknown-linux-musl.drv
  /nix/store/mbfs8fbj8lyrqjlpa9vjdx6yiam88zl5-security-wrapper-newgidmap-x86_64-unknown-linux-musl.drv
  /nix/store/mdzdiymlncm4a83jbf2vlc6lzskwnd60-security-wrapper-sudo-x86_64-unknown-linux-musl.drv
  /nix/store/nz46v6p1gsq2wgr3jqnxhbxd1md58z3g-security-wrapper-fusermount-x86_64-unknown-linux-musl.drv
  /nix/store/qc2v7vpm4649qx49dn90csxkg0f555lr-security-wrapper-newuidmap-x86_64-unknown-linux-musl.drv
  /nix/store/qzm7rdv60yfgij03cx3x20hj7dbvdybg-security-wrapper-newgrp-x86_64-unknown-linux-musl.drv
  /nix/store/xha8b8557k47l1qj66vxxqjacfkal7hy-security-wrapper-mount-x86_64-unknown-linux-musl.drv
  /nix/store/xs8llz1nmclwb3x4bikpxs4h8l4qzq7p-security-wrapper-sg-x86_64-unknown-linux-musl.drv
  /nix/store/zzn00ihw3lf7q4xmr8458jxcw3ja4041-security-wrapper-umount-x86_64-unknown-linux-musl.drv
  /nix/store/k9w9vcxaya4n1znjnmiml3csbf1vp2ih-unit-script-suid-sgid-wrappers-start.drv
  /nix/store/v9rm6cyfcbw2an93cczriq9bcc7s1i37-unit-suid-sgid-wrappers.service.drv
  /nix/store/vkj414h59917b73dcbmbd5bjgpddgf94-unit-nfs-blkmap.service.drv
  /nix/store/vysyvbfspdh2yvskwma4fq100ivn2ibx-unit-systemd-journald-.service.drv
  /nix/store/hk3m4d6asgyyip7a8v55i38vm1inap86-nsncd-1.5.2-vendor.drv
  /nix/store/cs1jyj44xvkjnxgkrjprhjjqq8pis5db-nsncd-1.5.2.drv
  /nix/store/x1g5jlxkj45jnhbk3mbl1z2kja0yyaww-unit-nscd.service.drv
  /nix/store/1rfzijdimrmxjk25yhg7mhvnmw3p0pfc-unit-script-container_intranet-gateway-post-start.drv
  /nix/store/3jvadb9ah3j94hvd1sj08bqfmqvnzch9-unit-script-container_intranet-gateway-start.drv
  /nix/store/pg58lnhvpimv6507y4wkav5f6xlx2q5w-unit-script-container_intranet-gateway-pre-start.drv
  /nix/store/sla2qggn25liysgyrabh29x8drc59i0q-etc-nixos-containers-intranet-gateway.conf.drv
  /nix/store/s9ff5ar9dqp9rc8n0nhalh4vzzm50m2a-X-Restart-Triggers-container-intranet-gateway.drv
  /nix/store/x7npx5avspznhwwdp77k4987g41ssgb4-unit-container-intranet-gateway.service.drv
  /nix/store/xmyd63g82lizab2qfq3l8phxp7f1c2sk-unit-post-boot.service.drv
  /nix/store/46xs2ma7yd4bz1ixjpz76fhpwa43064y-python3.13-markdown-it-py-4.0.0.drv
  /nix/store/sb0xkjsj4rbhcfaxrqpcyagsj0ag9m0w-python3.13-mdit-py-plugins-0.5.0.drv
  /nix/store/9bg12dh4jfq87ml2j3gqif4xa02hcblf-nixos-render-docs-0.0.drv
  /nix/store/nynxqk4cy0bx7xp07555qn0axni9j2lb-options.json.drv
  /nix/store/w692mcz37v6pxrnz0481hhadvdidlawp-home-configuration-reference-manpage.drv
  /nix/store/zgkrrb8znycp1kjwv80hpvc2v8gfjhrf-home-manager-path.drv
  /nix/store/cyzxzhg4c9ka2ysw075ym5dbrrd17rl5-hm_fontconfigconf.d10hmfonts.conf.drv
  /nix/store/8svl1a5k9id2mir1a86fdvl0h0r6k851-home-manager-files.drv
  /nix/store/f4sq60nh9fhgbl06ngia5g64mlq61f20-sd-switch-0.6.2-vendor.drv
  /nix/store/by3sagiqvlmgajbn6yrrlqf5bf5g9wwx-sd-switch-0.6.2.drv
  /nix/store/dblxhk01b7y7zrj13hxnf0k39yf4jwpv-activation-script.drv
  /nix/store/j9hz1vzmakm8f78yynagnjj9xhd48lrh-home-manager-generation.drv
  /nix/store/y1rr668bpjmsmqw032dsp2dv0m1jrv05-unit-home-manager-git.service.drv
  /nix/store/yvvm3m3llm02zczqgfx8mamr1b5bmby9-unit-systemd-timesyncd.service.drv
  /nix/store/yx4p11cdsx7402459pa27pp9agw8g5ca-unit-nfs-server.service.drv
  /nix/store/i169abqi7qx6ys2kq4iq1kr8d1ljnqsv-make-initrd-ng-0.1.0.drv
  /nix/store/kkm5qj4dnnbbz08az86jsbvq7iwq84xm-zpool-sync-shutdown.drv
  /nix/store/xxrc838ikqylwlq8ndjvyxhbk0z6a97f-shutdown-ramfs-contents.json.drv
  /nix/store/yyqb77p5w0vw9p203mmb818xfxgm65lw-unit-generate-shutdown-ramfs.service.drv
  /nix/store/z952i2bdc3kx2d7d45c9zkcmpnczqj9q-unit-systemd-fsck-.service.drv
  /nix/store/z9lmhis75lqjjjnq3inkrhds6fd97ab6-unit-container-getty-.service.drv
  /nix/store/zf92a355rys095ccnz5dg93yypig06xm-unit-systemd-mkswap-.service.drv
  /nix/store/dzhz3nbrqlbmbs3b5c3gkhpzcja3l5sw-unit-script-container_intranet-email-post-start.drv
  /nix/store/8lnngd59q4hjyffwq82hgg43zqqnriyz-system-path.drv
  /nix/store/ps76s0iqnasf20dhssgaw0n1gp06n01g-dbus-1.drv
  /nix/store/p5p1jhvh0l0gyaj11pm9cb64n9nqsm4c-X-Restart-Triggers-dbus.drv
  /nix/store/kz3b9l616azma6ylgpm4jsv05fs2665p-unit-dbus.service.drv
  /nix/store/8nq1jlzadcyf70xwb418k8sl9bnw1rlk-user-units.drv
  /nix/store/b9y6qsqhb9jmis9fqzc0vy9jgm249mr9-system-generators.drv
  /nix/store/hg75n15hiigbs222bcz365myi3d75p7v-unit-maddy.service.drv
  /nix/store/k72fhr9s4ml7i262156knn6w9jkxp5kk-unit-dbus.service.drv
  /nix/store/n6mgi64rn32lql5zvqm3harzhi6rj871-unit-maddy-ensure-accounts.service.drv
  /nix/store/7cm1s2v9v379mww7ini86qdvjzl8rjjm-nftables-rules.drv
  /nix/store/whpk573arkjkjd79wz7hzcm0s5w9jmnd-unit-nftables.service.drv
  /nix/store/n4jqij8clrl1gchyww494viy2q01mk0z-system-units.drv
  /nix/store/nxmn8whhsyfrzn4nw5yfinm85vrwna51-system-shutdown.drv
  /nix/store/rymimyvyphv4jhjiysaynm82x226x9z1-user-generators.drv
  /nix/store/g1fzw0s9r8nh85bbqi9c9jiicdqqngsr-etc.drv
  /nix/store/h98z6qhhgdifmzn51wi4254qag96cis4-activate.drv
  /nix/store/yqjxydlqz27jam7vhd4r13hzqbzid5fw-nixos-system-intranet-email-26.05.20260308.9dcb002.drv
  /nix/store/n2dy021iy77n04wprdhm9c5ym1gprxg5-etc-nixos-containers-intranet-email.conf.drv
  /nix/store/fwc5kvw16cc800j4b5wkbwa4fhcxhin5-X-Restart-Triggers-container-intranet-email.drv
  /nix/store/h1679sxi26rlwl0nsx47fqy84yd81wl3-unit-script-container_intranet-email-pre-start.drv
  /nix/store/h4r9kqa7gmz66ag5mv692nfghn75r0aw-unit-script-container_intranet-email-start.drv
  /nix/store/zibr6g78lcv5gi0gzp306g18az04x778-unit-container-intranet-email.service.drv
  /nix/store/kizyxwq38kqamjv2x1zc2xl8d6h33rf3-system-units.drv
  /nix/store/m31dfhc2lq21jwx7mpgwqi89xv4v5119-etc-modprobe.d-firmware.conf.drv
  /nix/store/m34xv0gcf3wv46j49fymrqphgmr36r97-etc-nix-registry.json.drv
  /nix/store/nj1214xi9axdv7prk22wrs5gbq83nc2v-vlock.pam.drv
  /nix/store/nqn90h38f3a2rj9i9ymkj1yk53kf1xfd-user-generators.drv
  /nix/store/p1lmcdgcn2cqqap7pnm8girgd7yly6v8-sudoers.drv
  /nix/store/q71230w1bvhfs91531z0fyg0yv7877lj-etc-shells.drv
  /nix/store/qknrmfwi8q3789l1wvg8b9w5vwbv710b-etc-systemd-system.conf.drv
  /nix/store/qn8z1h3c176d9gpjj4kkrqr57dah57aw-etc-tmux.conf.drv
  /nix/store/sfwnv41bnks464q95hzy1j46dgjzsv5z-etc-gitconfig.drv
  /nix/store/ssg3d932xsabvrqz3gqqqyyg4banqqsx-oh-my-zsh-2026-02-19.drv
  /nix/store/v1n1rj3j7j7ivgmzhywx4xv2wp0r5p8b-user-environment.drv
  /nix/store/vnaky0scwc6afpih2qqsdfdsd5gn6sgx-system-generators.drv
  /nix/store/w8hj31vk93ymfij92nkn1wqny6rsz8c2-etc-zshrc.drv
  /nix/store/wm7nnrbj1qzlg6kq5l2nj89c20jn3sg2-etc-nanorc.drv
  /nix/store/wmy730k1bg0jxg04z8nn4n0bxxpxvqnr-etc-bashrc.drv
  /nix/store/wnip16alhibw7hywfj97y52wq6zcafc4-sudo.pam.drv
  /nix/store/xb2gvdlvdclnpln6akidc58lp8vhx8f8-userdel.pam.drv
  /nix/store/y6p3vw9vvgygbz1jlawdz4s5g4pmg70a-issue.drv
  /nix/store/b54r1yhq1qjzxsg2zqr1rjf1rgmpm3s0-systemd.drv
  /nix/store/ymg1bax4f6b6c1ndb47x77hkd3kc9bkz-50-coredump.conf.drv
  /nix/store/yskkqgpnpkj6g7sh7axaiykc2kzkcina-systemd-user.pam.drv
  /nix/store/zy9mgkzdq5xfs23smpgysb2cd842yr7p-chpasswd.pam.drv
  /nix/store/19p299d92jwn7vhmzyprsjyjm3ya8z1l-etc-json.drv
  /nix/store/1r6c90dp2vmxwk3mp9ym854wzn31qv6m-check-sshd-config.drv
  /nix/store/2989nygbkg30l7sqnpjc4zif9lf2a055-unit-initrd-find-etc.service.drv
  /nix/store/6kxsk4yckvia36by960w9ynj2rm2dq3v-unit-initrd-switch-root.service.drv
  /nix/store/kdfvk3k8f7pzg5b213lakwx7jjq0b9fd-unit-script-zfs-import-pool-start.drv
  /nix/store/a0jbzyni5vkwlwv1rqfhlj6l3gn5fmjh-unit-zfs-import-pool.service.drv
  /nix/store/25fap1qk1vs9fj9hyafq8fyvikyw51yv-initrd-units.drv
  /nix/store/9ms50f47m50s7ymm7ark6f5ravmzdbjf-zfs-kernel-2.4.1-6.18.16.drv
  /nix/store/359wfaj23645pz2dyilm21cgk3ymn5c6-linux-6.18.16-modules.drv
  /nix/store/f8n7yw2q7x3n6l6f24a235sc76xg9nrw-erofs-utils-1.9.1.drv
  /nix/store/3ghh3zxl4sazvjwx4n8g5nzz3y8lsm8i-composefs-1.0.8.drv
  /nix/store/665ly3cbrsnbdf75aprifppif4lv1f7v-etc-lowerdir.drv
  /nix/store/9yngym22jciv6kaimg239raqd0sm7ynn-initrd-shells.drv
  /nix/store/fr689m4lhinzsklsnq3wdxj1rirr40yb-initrd-passwd.drv
  /nix/store/8ihqj31zph5m6vlmifhkzvp64xihy4qr-udev-fido2.drv
  /nix/store/i937k19lq34ws8857d6xjwqda03hh5w3-initrd-udev-rules.drv
  /nix/store/yzcj3pn6703a77jr695gz6wgnxxd22m3-initrd-bin-env.drv
  /nix/store/kwygvm6nj9ag3z39i22j4v7v8pd8wnds-initrd-udev-rules.drv
  /nix/store/lfssg0fsifkr3yxlmy7198f7idpjac9i-linux-6.18.16-modules-shrunk.drv
  /nix/store/g8p0da32an4vi695iyk4rxzn7rzsxgn8-initrd-linux-6.18.16.drv
  /nix/store/9bbyvgin4f72cp8s4vv4sg6lbn4hk9yp-etc-dump.drv
  /nix/store/yf5f8di00pd54y6sqsww4b9nd9imjdh1-etc-metadata.erofs.drv
  /nix/store/5v2c0lcmdpkyqxby9a0lw3kyk6s4z0vz-boot.json.drv
  /nix/store/7fz615i81r729c7ax9080dk0cyc62xhq-pre-switch-checks.drv
  /nix/store/96pkbmhhfdk8cfp02lc8mwlndm6x4aya-clippy-1.93.0.drv
  /nix/store/hl47x0rqv7yhbl7qschgfj6pdfl0j94y-bootinstall.drv
  /nix/store/ik4spah7xyqilgidnhfh1jpb0jiq8dic-ensure-all-wrappers-paths-exist.drv
  /nix/store/bl0s8iaywdyv2k8hqz8caq2nlxhbn8nk-persistence-create-directories.drv
  /nix/store/ga0n0jav8724563lkxdjw3m8m9nrnfiz-persistence-run-create-directories.drv
  /nix/store/nvs8wvppgkkwk2r92w9387wv3h6jyvdh-persistence-persist-files.drv
  /nix/store/q8z7inzww9jvzpr4qhqdjn5qgadvbqg9-etc.drv
  /nix/store/jzg2b0sb4lsk3hvbnaan7yvmm81ixwwh-activate.drv
  /nix/store/y7hk7l4r2sr2rg0v2my98dk0y7jpbm0h-dry-activate.drv
  /nix/store/yqrzaz5cyzqv7920r6qawcmv2d3zsd26-switch-to-configuration-0.1.0.drv
  /nix/store/apfi9x89ic5rw6r5v9xm13swxcxbq33n-nixos-system-aether-26.05.20260308.9dcb002.drv
these 8 paths will be fetched (172.97 MiB download, 289.65 MiB unpacked):
  /nix/store/i0y8v3nx9l0hlvicqq6b6q1zfihw1knv-fd-10.4.0-vendor-staging
  /nix/store/4l7wj0szx5n3waf8as6p73jyfnn5y3i6-nfs-utils-2.8.6.tar.xz
  /nix/store/q9r9g8q36vb8r5whcps0sllp61y3bh7v-ollama-0.17.7-go-modules
  /nix/store/aq631yc7srzpckbr4mkviqq9j6r49pdj-source
  /nix/store/k9b54pxw50g9y2jaqxw89mfzhwfnm863-source
  /nix/store/srj0jbwvn45961shc6ix8hclmc8yq8yr-source
  /nix/store/wmxf7nhmwcdhxarfn32791mvjacxiin0-source
  /nix/store/z1l27s1abjb5a85kfj9p15dkhzdb01d1-source
